movement_type,accel_x,accel_y,accel_z,gyro_x,gyro_y,gyro_z
still,0.0494,0.0083,0.0074,0.474,4.342,1.43
normal,0.2442,0.2984,0.2057,21.545,25.042,29.325
shifting position,0.3345,0.4477,0.3041,43.409,64.558,48.564
adjusting limbs,0.3155,0.3929,0.2817,18.26,24.847,21.136
normal,0.0659,0.2536,0.0509,19.082,25.375,29.021
normal,0.2691,0.0767,0.2427,26.132,25.362,10.095
still,0.0141,0.0367,0.0067,1.778,0.612,1.42
rolling over,1.1207,0.7155,0.9793,106.89,149.727,95.304
normal,0.1351,0.2927,0.083,5.388,16.653,7.703
adjusting limbs,0.2131,0.3184,0.3744,21.587,16.04,34.478
adjusting limbs,0.3412,0.208,0.2286,12.234,16.624,23.979
shifting position,0.3189,0.5664,0.605,48.126,51.77,54.02
rolling over,1.1827,1.0134,1.3478,85.013,112.234,137.011
normal,0.1767,0.1292,0.2419,21.342,19.654,6.953
adjusting limbs,0.2535,0.3541,0.3977,36.644,30.73,37.264
adjusting limbs,0.1053,0.1664,0.1384,18.828,25.026,22.672
still,0.0381,0.004,0.0273,3.39,1.038,0.139
rolling over,0.6471,1.4337,0.5384,146.829,104.58,83.547
adjusting limbs,0.1634,0.2673,0.2899,32.945,31.049,24.706
normal,0.2497,0.1479,0.1511,26.287,19.912,28.633
adjusting limbs,0.1179,0.1756,0.2356,34.912,34.522,22.623
normal,0.229,0.0635,0.1217,23.926,17.445,17.285
adjusting limbs,0.1509,0.2781,0.2605,23.936,29.451,16.068
adjusting limbs,0.1607,0.3502,0.2483,34.341,37.877,15.648
rolling over,1.3832,1.1685,1.275,107.005,116.512,97.263
normal,0.2699,0.2246,0.1568,11.302,8.388,11.312
rolling over,0.5362,1.1054,1.0831,119.735,78.902,145.224
rolling over,1.0584,0.9951,0.8883,60.396,112.571,95.077
shifting position,0.5665,0.4414,0.6779,22.065,36.327,37.204
normal,0.1287,0.118,0.2451,28.734,16.181,26.001
shifting position,0.3501,0.4058,0.5354,56.677,29.842,52.139
adjusting limbs,0.3833,0.1373,0.3158,37.082,37.745,29.635
normal,0.2312,0.1038,0.2894,19.464,25.201,13.393
rolling over,1.1715,0.5921,0.7656,136.442,86.72,61.316
rolling over,0.5125,0.6478,0.9741,85.826,122.816,66.38
normal,0.1018,0.2352,0.1431,20.004,7.005,26.076
normal,0.0724,0.2793,0.0735,22.225,27.458,19.596
shifting position,0.5696,0.6762,0.6822,41.567,39.046,65.87
shifting position,0.3688,0.575,0.3169,47.002,39.159,61.711
rolling over,0.9061,1.4739,1.0971,66.663,147.075,52.05
adjusting limbs,0.3042,0.3586,0.1228,38.98,36.251,27.604
adjusting limbs,0.1344,0.3225,0.3893,16.358,34.781,38.98
adjusting limbs,0.2781,0.1361,0.1815,19.515,25.308,20.655
shifting position,0.6784,0.6551,0.3319,24.843,52.202,60.701
normal,0.26,0.1083,0.0783,28.603,11.935,18.172
adjusting limbs,0.2036,0.3355,0.1479,12.883,21.65,26.78
shifting position,0.6568,0.401,0.558,22.384,33.572,55.738
still,0.0292,0.0253,0.018,4.246,4.954,2.272
rolling over,0.613,1.1721,0.5935,145.739,149.458,114.151
normal,0.2067,0.126,0.2427,15.785,21.516,8.182
normal,0.1816,0.1916,0.2515,13.596,19.99,29.994
shifting position,0.636,0.6111,0.6775,58.399,57.616,26.883
still,0.0316,0.0109,0.0148,3.181,2.146,0.232
shifting position,0.4881,0.4476,0.3453,56.321,57.163,67.826
shifting position,0.413,0.4165,0.4059,38.257,29.586,21.677
rolling over,1.4709,1.2165,0.58,111.723,58.933,102.133
adjusting limbs,0.3904,0.2466,0.26,31.618,17.877,23.174
rolling over,0.7772,0.8647,0.7889,144.128,139.884,113.745
rolling over,0.7434,0.9848,0.7296,134.998,114.958,135.147
still,0.0442,0.0027,0.0456,3.797,1.984,0.913
normal,0.1456,0.2437,0.2262,19.535,29.04,12.352
adjusting limbs,0.2642,0.1096,0.1025,28.105,28.339,34.687
normal,0.1106,0.2778,0.2189,20.535,13.121,8.075
still,0.0235,0.0104,0.0348,1.512,2.512,3.875
rolling over,1.1917,0.9196,0.877,76.696,89.561,83.726
rolling over,1.4854,0.8751,1.317,132.103,106.341,120.4
shifting position,0.5356,0.4101,0.3107,54.771,64.253,41.625
normal,0.1089,0.18,0.2868,11.784,17.879,11.393
shifting position,0.5647,0.3258,0.4775,27.471,59.354,22.2
shifting position,0.4551,0.5097,0.619,43.424,45.856,50.716
shifting position,0.5519,0.682,0.6821,53.005,20.4,29.935
normal,0.1606,0.2421,0.1008,12.121,20.177,13.281
adjusting limbs,0.1162,0.2387,0.3826,17.22,22.339,32.803
rolling over,0.6674,0.8641,0.934,69.202,73.776,75.193
normal,0.2714,0.265,0.132,23.382,12.747,27.906
still,0.0391,0.0407,0.0332,0.3,3.346,1.4
adjusting limbs,0.3151,0.2535,0.3572,38.128,15.788,27.231
shifting position,0.3429,0.3904,0.6059,52.165,64.139,68.066
adjusting limbs,0.1094,0.2947,0.3523,24.985,18.507,10.178
still,0.046,0.0323,0.0406,4.505,4.949,0.621
normal,0.2376,0.244,0.115,25.986,12.64,6.18
still,0.0076,0.0454,0.0374,2.723,2.533,2.358
normal,0.1326,0.2758,0.0705,11.007,24.832,12.376
adjusting limbs,0.2673,0.2103,0.209,10.871,30.173,26.596
adjusting limbs,0.1451,0.2924,0.2748,14.644,14.449,30.288
normal,0.0723,0.1586,0.2483,25.137,16.084,16.516
adjusting limbs,0.3004,0.1832,0.2901,20.946,26.837,19.734
still,0.0161,0.039,0.0462,2.603,4.347,2.674
normal,0.2483,0.2131,0.165,6.907,7.478,11.505
shifting position,0.5932,0.5406,0.3896,66.551,68.054,55.698
still,0.0475,0.0484,0.009,3.232,0.358,4.954
normal,0.1785,0.2261,0.1939,23.332,29.708,17.538
rolling over,0.7866,1.226,1.2902,125.293,111.212,128.578
still,0.0073,0.0459,0.0312,1.574,4.751,1.268
still,0.0106,0.0061,0.0431,2.222,1.817,0.132
still,0.0429,0.013,0.0033,4.001,0.93,4.326
shifting position,0.3818,0.4297,0.6939,64.132,58.606,26.421
normal,0.2616,0.1691,0.0659,10.427,23.263,5.071
adjusting limbs,0.2482,0.2387,0.3374,14.997,35.079,14.607
still,0.0033,0.0022,0.0335,0.71,0.38,3.768
still,0.0263,0.0262,0.0321,1.516,2.891,3.216
normal,0.1176,0.1603,0.2384,10.558,17.389,5.099
normal,0.0633,0.2039,0.2734,22.184,14.65,16.23
adjusting limbs,0.3724,0.129,0.2996,16.617,23.791,26.71
adjusting limbs,0.3815,0.133,0.1311,20.097,17.247,16.678
shifting position,0.5825,0.4789,0.648,42.301,30.443,32.415
still,0.0313,0.0301,0.0126,1.123,3.103,2.553
rolling over,0.9424,1.4233,1.0095,124.698,111.97,86.465
normal,0.2223,0.2596,0.139,10.428,23.528,5.528
adjusting limbs,0.3621,0.1497,0.2837,16.684,17.961,35.539
still,0.0056,0.0475,0.0383,1.461,4.156,3.725
normal,0.1498,0.2669,0.1893,11.966,18.875,24.389
adjusting limbs,0.3838,0.3466,0.1234,19.7,25.067,33.386
shifting position,0.616,0.5182,0.4733,69.546,21.331,34.992
shifting position,0.5197,0.4027,0.3816,40.487,46.032,63.64
shifting position,0.3217,0.5551,0.3148,34.719,68.35,69.174
rolling over,1.3246,1.0671,0.6502,140.563,52.172,59.181
rolling over,1.4685,1.2915,1.4736,92.502,63.617,68.1
shifting position,0.6731,0.3014,0.676,28.612,24.24,50.34
rolling over,1.2102,0.6704,1.3498,146.793,79.003,55.322
still,0.0218,0.0495,0.0077,3.436,1.898,0.029
rolling over,1.0038,1.3903,0.9815,89.396,81.862,110.057
rolling over,1.3797,1.0577,1.435,123.987,67.035,53.66
shifting position,0.595,0.3198,0.6192,25.348,53.468,50.504
rolling over,1.0997,1.4786,0.9599,109.607,85.077,98.315
shifting position,0.3802,0.6069,0.331,64.356,29.351,59.902
still,0.0012,0.0421,0.021,2.383,2.714,3.871
still,0.0163,0.0051,0.0379,3.341,2.653,1.789
rolling over,1.4472,0.5814,1.3984,76.409,62.748,141.413
normal,0.1372,0.2454,0.1778,22.29,15.716,20.462
normal,0.0954,0.1485,0.1002,11.315,15.41,22.202
shifting position,0.5339,0.6668,0.5597,53.286,31.038,28.318
adjusting limbs,0.105,0.2543,0.2189,27.784,34.319,23.786
shifting position,0.3166,0.4246,0.4954,61.517,36.245,47.295
normal,0.2864,0.1117,0.1538,25.677,8.026,6.706
still,0.0044,0.0429,0.0294,3.792,0.117,0.278
adjusting limbs,0.2858,0.3329,0.2163,22.796,18.782,14.192
normal,0.1923,0.0696,0.1453,5.173,8.097,6.572
still,0.0055,0.0428,0.0235,2.251,3.966,1.661
rolling over,0.8974,1.4598,0.842,107.388,72.826,145.204
normal,0.2743,0.2788,0.291,20.282,8.169,13.219
adjusting limbs,0.2627,0.3437,0.1379,29.265,29.575,29.005
still,0.0111,0.0461,0.0071,1.202,0.581,2.981
shifting position,0.4678,0.4017,0.5358,68.228,49.812,60.881
shifting position,0.4327,0.375,0.5647,58.07,55.074,69.533
normal,0.0672,0.081,0.082,17.561,14.583,21.367
normal,0.0743,0.248,0.2862,14.445,14.552,23.678
shifting position,0.5949,0.6416,0.432,58.985,30.02,38.749
shifting position,0.3234,0.3006,0.5676,42.891,56.549,53.37
rolling over,0.8732,0.6478,1.47,147.643,105.441,114.551
still,0.0209,0.0419,0.0494,4.416,2.447,2.61
normal,0.1698,0.2683,0.1355,27.805,18.81,28.553
still,0.0405,0.006,0.0041,0.47,0.195,0.818
normal,0.08,0.2632,0.2162,23.947,25.214,19.409
rolling over,0.9932,0.9054,1.332,110.563,52.293,69.591
adjusting limbs,0.3192,0.3573,0.3847,28.166,17.321,33.155
rolling over,0.7607,1.1347,1.207,85.228,143.915,70.869
normal,0.2619,0.0508,0.1919,13.272,19.156,6.71
still,0.0489,0.049,0.0004,0.908,1.077,3.678
rolling over,0.6313,0.5663,1.279,145.083,71.402,87.078
rolling over,0.8628,1.0877,1.2838,89.243,82.68,80.026
normal,0.261,0.2975,0.0558,12.938,16.429,8.425
rolling over,1.0744,1.3485,1.2009,95.546,99.771,56.961
shifting position,0.453,0.3738,0.5962,37.497,40.965,26.06
rolling over,0.6143,0.9669,0.9499,52.333,118.661,71.698
adjusting limbs,0.1219,0.3869,0.2057,22.47,37.772,35.426
still,0.0374,0.0049,0.027,0.177,1.618,2.769
still,0.0165,0.0087,0.0162,3.35,0.877,4.206
rolling over,0.5702,1.4267,1.0191,80.167,134.138,93.171
shifting position,0.3267,0.5053,0.4952,49.911,22.359,27.034
rolling over,0.9762,1.088,1.2513,142.63,55.884,76.477
normal,0.2811,0.1406,0.1491,24.858,19.394,6.526
normal,0.2339,0.1807,0.1105,16.774,18.879,17.202
shifting position,0.5273,0.6726,0.6591,27.402,33.321,32.804
adjusting limbs,0.1356,0.1394,0.3285,20.345,37.428,13.576
shifting position,0.3909,0.4362,0.3245,61.421,44.258,25.782
shifting position,0.6873,0.3118,0.6918,46.489,37.924,27.027
still,0.0077,0.0227,0.0033,2.111,0.035,3.995
rolling over,0.6235,0.7084,1.4312,92.125,102.539,85.173
rolling over,1.3034,1.2967,1.0772,131.299,91.911,98.027
still,0.0031,0.0236,0.0378,2.994,3.83,1.398
normal,0.2741,0.2628,0.2294,7.944,13.35,6.846
shifting position,0.6527,0.6193,0.3338,22.495,59.635,67.451
adjusting limbs,0.3082,0.1384,0.209,29.38,11.484,10.436
still,0.0265,0.0483,0.0377,1.569,0.844,2.921
still,0.0287,0.0018,0.0324,4.678,4.758,0.39
normal,0.2008,0.1581,0.0859,17.754,14.528,18.139
rolling over,1.102,0.9324,1.1469,56.765,149.427,133.814
rolling over,1.2869,1.4747,0.9999,145.747,89.865,121.064
adjusting limbs,0.1365,0.1184,0.1023,20.905,25.236,36.874
adjusting limbs,0.2798,0.1285,0.185,22.534,25.412,37.338
normal,0.2496,0.208,0.0689,21.997,17.097,5.137
rolling over,1.0731,0.6851,0.7658,79.273,75.728,59.351
rolling over,0.7577,0.5527,0.9796,94.559,129.822,116.088
adjusting limbs,0.1376,0.1121,0.113,17.324,37.351,15.865
normal,0.1278,0.2025,0.193,22.475,12.384,22.455
normal,0.2546,0.0706,0.1494,14.695,16.288,7.708
shifting position,0.4803,0.6389,0.3674,63.429,44.762,53.423
normal,0.0631,0.1549,0.0581,22.173,14.01,27.031
still,0.0396,0.0071,0.0106,3.838,1.202,3.242
still,0.0381,0.0022,0.0112,4.392,2.084,2.074
adjusting limbs,0.3006,0.1446,0.386,23.6,17.882,17.276
shifting position,0.4377,0.4528,0.6123,62.334,69.809,62.238
adjusting limbs,0.1178,0.1987,0.3184,23.202,34.02,17.162
rolling over,1.1205,1.2088,1.1586,102.734,131.81,54.935
shifting position,0.5766,0.5329,0.3886,60.066,46.242,36.286
shifting position,0.6589,0.522,0.3973,35.698,34.871,41.964
normal,0.0763,0.078,0.1577,11.236,16.299,17.809
adjusting limbs,0.2092,0.2944,0.1949,29.357,39.769,37.787
normal,0.0607,0.1079,0.2747,14.67,9.832,12.048
adjusting limbs,0.1456,0.1763,0.1774,26.735,22.074,15.413
normal,0.282,0.1607,0.1551,16.94,18.944,29.22
rolling over,1.16,1.1329,1.4251,112.552,128.713,68.546
still,0.007,0.0285,0.0352,0.669,4.119,1.317
adjusting limbs,0.1081,0.199,0.3426,29.986,20.007,37.444
rolling over,0.5323,0.7752,1.3021,97.637,135.13,145.216
normal,0.1012,0.0604,0.284,13.106,16.476,6.641
still,0.006,0.0379,0.0424,1.259,2.924,2.769
shifting position,0.6238,0.4047,0.3922,33.823,64.178,57.761
adjusting limbs,0.2439,0.2303,0.1531,28.569,38.861,12.911
still,0.0113,0.0001,0.0354,4.462,1.418,0.097
rolling over,0.5851,1.1398,1.1746,137.875,80.6,70.708
rolling over,1.3758,1.0766,0.9764,109.289,51.792,112.985
still,0.0127,0.0283,0.0272,4.726,2.867,4.224
adjusting limbs,0.2105,0.1657,0.3641,11.695,12.954,34.201
rolling over,0.7827,1.1828,1.1702,142.102,148.833,129.552
rolling over,1.1734,1.1048,1.0297,145.142,103.524,95.696
rolling over,1.1592,1.1128,0.5467,122.028,55.959,134.184
adjusting limbs,0.347,0.1026,0.2754,29.762,32.996,15.678
adjusting limbs,0.2359,0.3907,0.1383,13.227,24.001,31.354
normal,0.1914,0.0747,0.1124,27.396,5.793,29.745
still,0.0101,0.0348,0.0206,1.563,1.355,4.487
rolling over,0.8736,1.2978,0.9568,147.871,64.308,147.515
rolling over,0.5537,1.4,0.5863,62.973,84.206,121.154
rolling over,0.6383,0.823,1.1134,89.665,71.329,127.556
adjusting limbs,0.1796,0.186,0.1056,17.676,21.455,37.55
normal,0.0727,0.2579,0.208,12.138,20.249,15.364
shifting position,0.5008,0.5596,0.3663,23.401,52.664,46.633
still,0.0295,0.0203,0.019,2.068,0.494,2.029
rolling over,0.6876,1.0636,1.1173,53.547,100.856,134.715
shifting position,0.3273,0.6674,0.6389,38.797,21.882,33.075
adjusting limbs,0.2473,0.1305,0.1997,28.832,11.943,12.212
adjusting limbs,0.3571,0.2279,0.3399,39.039,14.469,25.118
adjusting limbs,0.3076,0.2899,0.3555,34.091,31.131,33.19
adjusting limbs,0.2334,0.3139,0.2125,13.264,29.335,39.535
rolling over,0.6041,1.2971,0.6973,102.789,90.453,132.522
still,0.0303,0.0118,0.0216,1.27,2.266,1.92
adjusting limbs,0.1944,0.3335,0.3435,18.201,32.292,20.712
rolling over,0.5697,1.3056,0.7615,139.312,77.404,98.434
rolling over,1.2352,1.0816,0.5016,68.11,75.098,120.316
shifting position,0.5222,0.6808,0.6411,40.68,29.967,45.7
still,0.0168,0.0178,0.0378,1.256,4.085,0.299
rolling over,1.2696,1.4481,0.9088,113.619,97.238,70.919
normal,0.299,0.0756,0.2668,10.612,14.125,15.75
rolling over,0.9493,1.4793,0.5342,100.919,117.168,66.179
still,0.0488,0.0237,0.0196,0.21,0.409,0.148
rolling over,0.9415,1.4791,1.3799,75.529,101.407,98.009
rolling over,0.838,0.9393,0.6084,78.851,91.379,60.921
shifting position,0.5836,0.4666,0.324,27.084,63.701,34.689
rolling over,1.0585,0.8933,0.9209,90.532,63.194,95.406
rolling over,1.0532,1.4876,0.8826,144.846,76.135,94.356
shifting position,0.3848,0.5465,0.5606,47.539,21.024,42.135
still,0.0184,0.0453,0.0353,4.269,1.684,1.719
rolling over,0.6009,0.8824,0.5712,147.437,102.798,51.927
normal,0.2782,0.1673,0.296,14.777,11.545,5.02
still,0.0464,0.0015,0.0354,3.71,4.017,0.205
adjusting limbs,0.1659,0.3651,0.3392,32.237,20.409,23.15
rolling over,0.9046,1.2866,0.6919,125.419,70.095,92.894
normal,0.1868,0.2853,0.1115,25.528,29.839,6.694
shifting position,0.5111,0.3705,0.57,47.05,21.581,62.104
shifting position,0.6769,0.3873,0.4764,62.285,47.217,61.057
adjusting limbs,0.2189,0.1759,0.2999,26.787,15.987,14.324
shifting position,0.6301,0.533,0.4118,45.953,66.592,61.194
adjusting limbs,0.3802,0.1042,0.2855,37.585,30.306,32.07
rolling over,1.1437,1.42,1.0704,135.833,129.228,101.508
normal,0.248,0.2732,0.2701,24.299,18.872,9.619
adjusting limbs,0.361,0.3918,0.3137,26.27,28.278,18.115
normal,0.2806,0.2198,0.2065,26.448,28.555,7.428
rolling over,1.4854,0.9144,0.6396,105.211,132.072,75.986
shifting position,0.4003,0.4521,0.5695,51.385,33.69,68.9
normal,0.2939,0.2663,0.192,8.251,6.416,17.605
normal,0.1992,0.1403,0.0567,6.106,18.02,22.155
rolling over,1.4884,0.9175,1.4439,124.173,102.801,112.746
adjusting limbs,0.2994,0.167,0.1492,38.101,18.61,31.18
still,0.0352,0.0218,0.0407,2.976,1.464,4.908
still,0.0481,0.0235,0.0378,0.362,4.623,4.451
adjusting limbs,0.2176,0.3436,0.1896,12.619,36.427,24.128
shifting position,0.5822,0.4792,0.6607,46.588,44.074,23.413
rolling over,1.0129,0.832,0.6615,136.036,86.409,70.136
adjusting limbs,0.1508,0.1633,0.1735,15.927,12.15,11.879
rolling over,0.7439,1.1771,1.0397,106.151,101.259,83.799
adjusting limbs,0.174,0.2854,0.2316,36.756,12.221,32.819
rolling over,0.5629,0.7272,1.3271,125.444,107.56,73.987
normal,0.0748,0.2511,0.1959,15.782,23.155,13.45
normal,0.1554,0.2702,0.1205,12.001,7.308,18.525
shifting position,0.3623,0.3579,0.696,28.912,39.775,59.645
rolling over,1.0243,1.1459,1.4902,82.345,96.455,106.976
adjusting limbs,0.2032,0.1903,0.2492,20.811,14.324,23.982
still,0.0258,0.0156,0.0131,0.567,3.931,4.005
shifting position,0.5545,0.4222,0.4567,31.158,37.579,47.82
shifting position,0.4534,0.532,0.662,63.142,69.095,24.158
adjusting limbs,0.3493,0.1359,0.1719,34.344,37.316,25.407
adjusting limbs,0.2988,0.2505,0.1936,39.783,26.614,26.664
adjusting limbs,0.3337,0.116,0.3017,17.266,35.947,33.675
still,0.0455,0.0259,0.0351,4.994,3.373,1.786
normal,0.2116,0.1666,0.2657,26.992,10.716,16.626
shifting position,0.3311,0.3249,0.5106,38.19,24.112,46.972
normal,0.1599,0.187,0.1498,28.387,26.647,14.368
adjusting limbs,0.1501,0.2897,0.3429,21.813,14.081,19.35
adjusting limbs,0.3675,0.1001,0.1149,32.675,15.763,19.076
normal,0.1924,0.2973,0.2915,24.899,15.874,9.542
still,0.0107,0.019,0.0275,3.136,2.258,1.011
normal,0.0587,0.2025,0.2473,7.255,6.165,13.416
adjusting limbs,0.3875,0.3669,0.3637,32.686,15.693,27.47
adjusting limbs,0.2518,0.337,0.1968,38.135,19.317,32.633
normal,0.1219,0.0637,0.0804,7.738,26.799,9.751
still,0.0475,0.0285,0.0382,2.402,2.873,3.667
still,0.0348,0.0306,0.0498,1.742,0.748,2.683
rolling over,0.6571,1.398,1.275,73.081,60.223,147.506
rolling over,1.2577,1.4119,0.8746,116.938,74.566,84.263
normal,0.0624,0.1068,0.1156,29.522,15.829,6.755
still,0.0296,0.0059,0.0349,3.739,1.554,3.849
adjusting limbs,0.2979,0.1215,0.1592,26.594,37.663,20.02
adjusting limbs,0.1515,0.3122,0.2799,38.133,21.71,33.262
rolling over,1.1382,1.3896,0.7988,130.976,53.426,101.233
shifting position,0.3346,0.4723,0.5182,32.622,44.967,33.806
adjusting limbs,0.3003,0.3041,0.2633,24.498,38.234,25.705
rolling over,1.457,0.784,1.4656,101.167,76.791,128.641
rolling over,0.6064,1.1375,0.9232,74.696,120.964,50.761
shifting position,0.3522,0.3926,0.5706,33.136,31.507,38.425
still,0.0212,0.0326,0.046,4.086,4.549,1.922
adjusting limbs,0.2382,0.179,0.2511,36.509,38.09,29.489
still,0.0499,0.046,0.0256,1.521,1.06,4.914
adjusting limbs,0.2736,0.1948,0.1822,35.841,36.226,17.612
adjusting limbs,0.3311,0.3562,0.2792,14.031,29.418,22.529
still,0.005,0.0104,0.0029,3.228,1.443,2.284
shifting position,0.4055,0.3524,0.6372,45.269,55.206,52.733
rolling over,0.6978,0.8253,1.2729,53.187,66.891,138.581
still,0.0195,0.0211,0.0186,1.203,1.48,1.472
still,0.0351,0.0443,0.0385,3.135,0.891,3.977
shifting position,0.4443,0.542,0.6494,25.762,48.921,47.536
rolling over,1.2553,1.01,0.7026,84.756,55.342,139.269
shifting position,0.4582,0.3872,0.5274,20.958,25.942,37.328
rolling over,0.7923,0.9598,0.8038,52.798,128.057,105.268
rolling over,1.3499,1.0199,0.7813,131.884,88.054,67.935
adjusting limbs,0.2687,0.1193,0.1805,36.469,26.86,36.504
normal,0.051,0.1966,0.2234,11.734,16.411,12.463
rolling over,0.6329,0.6384,1.0433,132.793,79.604,88.23
shifting position,0.5178,0.4626,0.5828,40.614,27.674,38.628
still,0.0395,0.0163,0.0484,2.406,2.413,0.791
normal,0.2123,0.0993,0.0566,13.332,17.343,26.036
still,0.0187,0.0214,0.0436,1.506,4.305,1.892
normal,0.0767,0.1573,0.1861,29.79,24.281,9.767
normal,0.126,0.1645,0.1176,20.181,28.311,22.742
rolling over,0.5782,1.0576,1.1487,51.915,51.469,111.979
still,0.0234,0.0383,0.0267,3.49,1.545,4.963
normal,0.0919,0.2965,0.2171,29.941,5.625,28.331
still,0.0207,0.0134,0.0187,4.524,0.732,0.452
still,0.0211,0.0133,0.0168,2.189,4.344,3.095
shifting position,0.5452,0.5856,0.6573,22.48,23.851,40.54
adjusting limbs,0.2655,0.2024,0.3593,32.365,11.891,26.062
rolling over,0.5184,0.9387,0.7133,144.849,88.589,54.335
still,0.014,0.0408,0.0083,4.488,3.959,2.0
still,0.0274,0.0309,0.0252,4.643,2.034,4.327
still,0.0229,0.0362,0.0036,2.07,0.408,2.344
still,0.0328,0.0296,0.0032,0.152,2.293,0.287
still,0.0344,0.0369,0.0406,3.415,2.199,4.877
rolling over,1.0214,1.4586,0.7156,74.874,54.634,141.411
shifting position,0.5751,0.3625,0.4201,29.249,61.4,49.835
adjusting limbs,0.19,0.2712,0.1882,25.067,37.792,32.19
still,0.0438,0.0063,0.0114,2.421,4.99,2.194
rolling over,0.522,1.4011,1.1693,82.92,55.145,121.239
normal,0.1138,0.2896,0.1464,13.118,20.68,27.094
rolling over,0.9317,0.8339,0.8077,97.34,85.194,99.644
shifting position,0.3999,0.5333,0.6426,61.892,64.688,36.953
shifting position,0.4656,0.5255,0.5434,31.356,68.024,36.428
adjusting limbs,0.2591,0.2273,0.1211,32.771,12.3,23.891
normal,0.2014,0.142,0.2626,10.712,23.813,18.666
still,0.0216,0.0465,0.0383,4.937,1.619,3.196
rolling over,1.4675,1.2682,0.9507,69.036,56.515,50.794
rolling over,1.3162,1.3474,0.8478,99.581,91.521,144.219
normal,0.221,0.1444,0.1274,17.091,25.139,6.332
shifting position,0.4455,0.4626,0.4104,35.481,44.062,54.351
still,0.0226,0.033,0.0329,2.227,1.567,4.635
normal,0.1044,0.2749,0.14,12.455,11.374,23.277
shifting position,0.6261,0.6849,0.4201,59.812,34.507,21.658
adjusting limbs,0.2793,0.1797,0.3834,27.812,36.587,39.013
rolling over,1.0275,0.9485,1.424,109.196,53.259,78.956
shifting position,0.3838,0.3864,0.5375,37.509,23.436,55.468
still,0.0118,0.0181,0.0076,3.512,0.528,2.074
still,0.0235,0.026,0.0102,4.495,2.433,0.421
rolling over,1.0893,0.5524,1.1339,73.117,123.612,122.902
still,0.0049,0.0067,0.0333,2.689,0.318,0.337
still,0.0429,0.0452,0.0175,0.46,1.899,4.145
shifting position,0.6616,0.5005,0.499,46.936,41.791,49.793
normal,0.2737,0.1352,0.1192,14.381,24.24,20.237
adjusting limbs,0.2143,0.3444,0.2322,34.092,21.778,18.496
rolling over,1.3554,1.4378,1.3048,80.659,120.753,61.524
shifting position,0.5375,0.4959,0.3276,61.235,24.231,55.463
adjusting limbs,0.2035,0.3084,0.1851,20.117,22.792,39.375
still,0.012,0.0196,0.0222,4.275,3.258,2.668
shifting position,0.3325,0.4338,0.316,43.148,68.425,31.112
shifting position,0.5792,0.6372,0.3971,31.668,55.072,31.939
still,0.0171,0.0468,0.0065,1.237,3.794,3.868
shifting position,0.3796,0.343,0.6817,57.332,37.052,31.382
rolling over,1.3837,0.7574,1.4895,107.688,78.612,133.44
rolling over,0.6343,1.3268,1.1562,51.349,79.582,85.309
shifting position,0.646,0.4428,0.3487,41.13,52.481,25.797
rolling over,0.661,0.6529,0.849,122.387,70.312,80.177
normal,0.2439,0.1231,0.1137,25.315,18.274,23.48
normal,0.2382,0.1642,0.0664,16.712,21.003,5.432
adjusting limbs,0.1177,0.1312,0.3403,34.328,10.733,35.935
still,0.0062,0.0496,0.0166,0.529,1.983,0.422
shifting position,0.6223,0.6856,0.4442,58.029,28.814,33.53
normal,0.2051,0.2006,0.288,24.945,20.592,14.277
normal,0.0912,0.0987,0.2638,5.209,29.609,23.116
still,0.013,0.0282,0.0343,4.456,4.188,4.55
adjusting limbs,0.2746,0.1355,0.3678,19.484,30.722,30.236
shifting position,0.3036,0.4777,0.6306,66.792,43.498,62.286
adjusting limbs,0.1927,0.1993,0.1926,11.957,14.885,24.042
adjusting limbs,0.2189,0.2236,0.3372,12.861,26.109,13.511
adjusting limbs,0.3425,0.2462,0.3356,25.252,30.403,12.701
still,0.0019,0.0289,0.0247,3.677,1.864,3.669
still,0.044,0.0213,0.0307,4.623,2.111,2.277
rolling over,1.4478,0.5996,1.0543,138.955,130.842,90.762
rolling over,1.2037,1.3508,1.1262,51.369,134.898,73.304
normal,0.0657,0.1503,0.2605,29.689,24.207,19.163
normal,0.1692,0.2233,0.2717,28.187,5.011,12.262
normal,0.2787,0.0972,0.1445,16.161,14.02,21.943
rolling over,1.1409,0.6366,1.0846,111.987,50.592,83.38
still,0.0194,0.0036,0.0075,4.098,2.659,2.516
normal,0.1756,0.177,0.2432,24.55,17.171,13.242
rolling over,1.3384,0.608,1.1563,80.559,75.757,141.834
adjusting limbs,0.2937,0.3556,0.2879,21.935,30.59,31.47
normal,0.0692,0.1081,0.247,14.039,5.247,19.97
still,0.0408,0.0185,0.0101,0.215,0.848,3.394
rolling over,1.4482,0.775,1.4851,102.636,124.335,126.316
adjusting limbs,0.3515,0.1884,0.1486,33.022,38.106,33.622
rolling over,0.548,1.1601,1.4341,61.594,78.033,118.777
shifting position,0.6848,0.6979,0.4359,40.387,25.843,63.614
shifting position,0.4325,0.543,0.6443,51.086,56.218,45.01
rolling over,1.1839,1.1836,1.3923,96.685,67.957,117.136
still,0.0002,0.0165,0.0498,1.366,3.776,2.231
normal,0.0806,0.1101,0.0647,23.799,9.942,12.742
shifting position,0.3688,0.5631,0.5077,54.869,20.154,46.086
shifting position,0.6186,0.5489,0.6845,60.647,47.442,29.394
shifting position,0.3695,0.3477,0.6264,63.738,21.138,68.401
shifting position,0.5496,0.5909,0.5994,53.127,64.896,48.719
shifting position,0.3218,0.6792,0.3578,36.18,33.901,26.859
normal,0.0941,0.284,0.2187,8.314,19.902,29.735
still,0.0176,0.0411,0.0239,1.404,2.27,0.661
rolling over,1.2553,1.1344,0.6309,141.421,91.302,61.165
shifting position,0.4375,0.355,0.6049,56.712,41.787,50.83
shifting position,0.4657,0.4967,0.5659,28.439,32.706,35.322
rolling over,1.328,1.2845,0.5273,88.913,111.483,89.84
normal,0.1575,0.1717,0.1148,6.688,11.271,16.837
adjusting limbs,0.2761,0.2304,0.1116,26.161,22.75,13.562
shifting position,0.6048,0.649,0.3007,68.225,51.84,55.333
shifting position,0.3085,0.616,0.5731,65.401,30.592,67.492
adjusting limbs,0.2403,0.3763,0.232,13.151,22.513,38.737
normal,0.283,0.2905,0.1438,26.554,12.358,17.744
still,0.0341,0.0388,0.0459,4.657,2.999,1.018
adjusting limbs,0.2677,0.2396,0.2145,39.554,37.93,29.34
shifting position,0.6989,0.3618,0.4257,24.531,66.164,46.087
normal,0.1283,0.1192,0.2284,17.252,8.709,12.72
normal,0.19,0.0838,0.2017,27.961,27.376,27.125
rolling over,0.9906,1.3867,0.7493,146.873,126.971,84.96
normal,0.1531,0.2554,0.2783,18.843,10.136,12.349
still,0.0445,0.034,0.0233,0.298,2.268,4.269
adjusting limbs,0.314,0.1967,0.2378,37.199,18.091,28.289
shifting position,0.4898,0.6615,0.3244,33.098,48.381,25.903
rolling over,0.9627,1.1491,1.1489,66.392,93.647,68.501
adjusting limbs,0.1298,0.3978,0.127,19.42,15.876,35.372
shifting position,0.4811,0.4428,0.3925,38.433,31.6,41.182
shifting position,0.5627,0.3526,0.4076,40.016,34.798,46.278
adjusting limbs,0.2511,0.2724,0.3964,38.585,30.79,34.662
normal,0.1462,0.291,0.0871,23.731,20.743,7.729
adjusting limbs,0.2619,0.3589,0.2833,20.165,14.402,30.185
shifting position,0.4742,0.4925,0.6918,58.791,64.887,64.954
adjusting limbs,0.2561,0.2527,0.3882,39.236,12.367,13.906
rolling over,1.3944,0.6641,1.4364,92.686,134.17,127.891
rolling over,0.8508,1.2043,0.5262,111.502,136.142,72.344
still,0.0417,0.0486,0.0252,1.573,2.421,2.263
shifting position,0.3642,0.4665,0.4982,36.572,69.356,40.239
still,0.0421,0.0247,0.0483,1.736,4.967,2.482
shifting position,0.6199,0.5188,0.4502,44.23,59.603,66.287
still,0.0213,0.0357,0.0112,4.0,1.24,1.747
adjusting limbs,0.213,0.2625,0.3292,30.526,35.433,39.45
rolling over,0.697,1.4744,1.1846,76.562,112.453,125.19
shifting position,0.4068,0.36,0.5217,51.401,58.951,20.273
adjusting limbs,0.381,0.171,0.3253,39.696,21.953,21.627
adjusting limbs,0.1799,0.3265,0.1105,16.521,28.351,35.463
still,0.0138,0.0001,0.0005,1.177,2.589,0.856
normal,0.1704,0.2212,0.1317,17.216,17.363,14.299
still,0.0347,0.0039,0.0108,2.355,2.06,1.827
still,0.0017,0.0191,0.0294,1.597,4.765,0.951
normal,0.2915,0.0834,0.1988,27.657,7.201,16.584
adjusting limbs,0.183,0.3435,0.2548,30.758,28.419,10.652
rolling over,0.6245,1.1392,1.2275,117.669,142.642,97.538
shifting position,0.6118,0.4438,0.4925,58.258,30.612,59.091
rolling over,1.3587,0.7153,0.8828,130.765,107.586,87.462
adjusting limbs,0.2064,0.1739,0.1407,21.66,33.982,18.215
adjusting limbs,0.2901,0.1266,0.3389,29.24,27.626,21.782
shifting position,0.4529,0.3641,0.4095,39.53,29.116,39.547
rolling over,1.0099,1.2828,0.7734,80.708,71.039,78.487
shifting position,0.3515,0.5535,0.5725,57.72,45.508,42.829
rolling over,1.2122,0.6558,1.4898,70.783,60.87,133.423
rolling over,1.359,1.1421,0.8232,69.78,84.874,79.544
adjusting limbs,0.2204,0.1404,0.2205,20.345,31.468,11.523
shifting position,0.4733,0.4928,0.6711,29.766,43.005,69.648
normal,0.2929,0.276,0.075,21.835,13.167,27.691
normal,0.1024,0.1387,0.2618,25.339,6.049,12.841
still,0.0214,0.0278,0.0017,3.681,2.25,0.022
rolling over,0.874,0.9207,1.0192,140.403,105.245,148.185
adjusting limbs,0.1006,0.292,0.152,22.151,14.859,33.338
adjusting limbs,0.3179,0.2877,0.2173,37.652,22.78,22.715
still,0.0297,0.0193,0.0438,3.189,0.034,3.1
shifting position,0.6459,0.4373,0.4755,59.936,55.58,34.252
rolling over,0.6331,1.1212,0.7917,100.214,56.76,78.022
still,0.0236,0.0089,0.0019,0.523,1.824,1.965
rolling over,1.0529,1.0052,1.3016,58.196,126.896,135.04
normal,0.2955,0.1491,0.0699,21.954,9.696,24.671
normal,0.2751,0.1028,0.206,20.852,8.539,5.656
adjusting limbs,0.258,0.3038,0.2722,16.268,14.578,32.549
shifting position,0.4375,0.4629,0.6285,35.434,34.795,30.522
adjusting limbs,0.2553,0.2964,0.1438,23.125,27.462,24.174
still,0.0362,0.0268,0.0144,1.418,2.51,3.305
shifting position,0.5577,0.3524,0.4964,30.016,49.629,42.075
adjusting limbs,0.219,0.1259,0.2604,13.498,28.547,28.242
shifting position,0.3853,0.347,0.3594,41.04,25.239,52.494
normal,0.2464,0.0515,0.0967,23.153,5.587,7.775
shifting position,0.4246,0.4772,0.5138,35.765,34.84,56.217
adjusting limbs,0.2916,0.2119,0.325,10.692,20.737,22.213
still,0.0003,0.0491,0.0471,3.232,2.357,4.269
normal,0.263,0.2606,0.2968,15.916,22.902,14.109
adjusting limbs,0.2437,0.3041,0.2632,37.439,25.938,36.312
normal,0.0843,0.0505,0.2931,24.562,22.125,14.603
normal,0.1443,0.2642,0.0712,24.553,23.216,21.05
normal,0.2171,0.1554,0.2576,26.244,25.519,17.518
rolling over,1.1519,0.6951,1.2054,82.701,88.061,115.012
shifting position,0.6795,0.6959,0.6906,21.418,59.809,69.315
adjusting limbs,0.3954,0.234,0.394,35.837,19.239,35.534
normal,0.1719,0.129,0.2954,25.195,11.074,22.324
adjusting limbs,0.3011,0.2248,0.196,20.91,17.253,26.509
still,0.0045,0.0361,0.047,3.954,3.29,1.614
shifting position,0.5826,0.6453,0.4922,30.526,29.883,51.987
rolling over,0.7407,1.2253,0.7355,116.937,75.329,62.275
normal,0.2674,0.1563,0.2942,25.563,14.662,6.981
rolling over,0.5571,0.9401,1.2007,118.25,59.188,69.1
adjusting limbs,0.2071,0.1951,0.1019,22.322,21.609,26.193
still,0.0427,0.0342,0.0284,4.412,2.098,3.767
still,0.0004,0.0453,0.0165,1.305,4.077,3.233
rolling over,0.9768,0.9243,1.3463,96.192,108.479,145.551
rolling over,0.6324,1.1865,1.344,55.975,55.76,69.681
shifting position,0.3626,0.3517,0.5867,33.778,28.699,63.841
rolling over,0.781,0.5342,1.0942,66.257,136.577,136.901
shifting position,0.6529,0.5864,0.3147,59.656,66.496,40.341
shifting position,0.6812,0.3446,0.4256,62.513,25.087,45.955
normal,0.0809,0.161,0.2823,15.895,11.689,10.723
normal,0.085,0.1343,0.1219,25.71,14.459,25.825
shifting position,0.6973,0.465,0.3599,64.935,39.672,33.53
normal,0.1092,0.1378,0.1839,13.903,10.841,15.595
still,0.0247,0.0004,0.0149,0.187,0.102,3.04
rolling over,0.6246,0.5992,0.5616,64.898,142.912,59.937
rolling over,0.9762,0.8664,1.1877,61.343,62.211,145.282
shifting position,0.4381,0.3299,0.665,31.997,48.812,38.334
shifting position,0.6807,0.5892,0.5494,32.796,60.027,25.195
still,0.0017,0.0481,0.0321,2.647,1.126,2.054
rolling over,1.4999,1.4726,0.8085,131.477,57.475,106.049
adjusting limbs,0.1802,0.2434,0.1102,30.707,20.805,31.554
rolling over,1.3881,0.7457,1.0471,67.719,148.047,112.434
adjusting limbs,0.1767,0.2503,0.3895,27.055,14.083,12.102
rolling over,1.4891,0.6455,0.892,104.184,130.573,105.014
still,0.0062,0.0246,0.0196,3.004,3.423,2.004
shifting position,0.3555,0.6571,0.5374,36.633,65.718,42.103
normal,0.124,0.2218,0.2893,17.199,10.531,26.594
adjusting limbs,0.2517,0.2816,0.3366,23.879,17.272,10.937
still,0.0195,0.0173,0.0174,1.172,2.97,4.017
shifting position,0.3547,0.3831,0.554,58.898,43.733,68.212
shifting position,0.5425,0.6581,0.5044,65.198,53.814,47.839
normal,0.1227,0.2134,0.2713,15.479,27.943,28.267
still,0.0102,0.0269,0.035,3.537,4.817,0.94
adjusting limbs,0.1823,0.1785,0.3607,36.015,36.002,17.023
normal,0.2472,0.1194,0.2317,15.587,16.435,10.557
still,0.029,0.0193,0.033,1.075,2.405,4.308
rolling over,0.5385,0.9894,0.888,50.35,137.861,127.545
rolling over,1.4916,1.1534,1.3609,66.186,80.132,82.865
still,0.0057,0.0415,0.0488,1.105,3.107,1.33
shifting position,0.3668,0.4615,0.4803,28.059,25.787,30.848
normal,0.1103,0.116,0.2704,8.738,13.695,13.959
shifting position,0.617,0.4287,0.5695,67.862,57.567,43.23
rolling over,0.5092,1.1181,1.2108,146.932,134.263,148.736
still,0.0268,0.0044,0.0473,0.743,2.344,0.274
normal,0.0633,0.1242,0.1134,8.416,27.262,21.753
adjusting limbs,0.3738,0.3996,0.2395,22.582,35.534,15.85
adjusting limbs,0.1807,0.3396,0.3076,15.046,39.92,25.684
still,0.0128,0.0122,0.0227,1.432,2.248,1.827
still,0.03,0.0319,0.0493,2.511,3.957,4.255
adjusting limbs,0.1049,0.1445,0.3098,20.319,21.392,19.045
shifting position,0.48,0.68,0.6333,67.353,46.355,32.844
still,0.027,0.0068,0.0179,2.478,4.112,3.184
rolling over,0.7071,1.31,1.0458,90.014,75.031,84.887
adjusting limbs,0.2801,0.2601,0.291,24.507,20.962,38.866
normal,0.0874,0.192,0.2285,16.62,20.875,22.495
shifting position,0.619,0.5909,0.5954,30.365,50.564,62.494
adjusting limbs,0.3129,0.3374,0.3091,20.513,13.513,37.055
adjusting limbs,0.3118,0.3771,0.3638,24.001,24.727,29.919
still,0.008,0.0014,0.0253,3.641,3.939,3.882
still,0.017,0.0034,0.0266,0.4,0.374,3.292
normal,0.2864,0.2577,0.1182,13.646,5.789,15.578
shifting position,0.4924,0.6447,0.4658,38.036,26.431,51.71
adjusting limbs,0.3316,0.1285,0.3483,21.247,14.958,22.277
normal,0.0901,0.2328,0.2244,28.372,19.353,6.85
still,0.0035,0.0069,0.0406,0.889,1.345,1.223
shifting position,0.5457,0.6135,0.5938,36.504,22.805,61.955
still,0.031,0.009,0.0007,0.652,0.631,0.929
rolling over,1.0108,1.2232,0.8584,118.961,50.126,132.537
shifting position,0.3189,0.3822,0.4271,35.11,52.965,23.071
still,0.0432,0.0142,0.0456,1.786,2.684,1.227
rolling over,0.992,1.192,1.1039,52.104,117.998,133.915
normal,0.1866,0.1861,0.1143,6.011,22.77,24.708
still,0.0011,0.004,0.0457,0.404,4.863,2.662
normal,0.1481,0.2767,0.0901,13.378,10.884,11.113
adjusting limbs,0.3788,0.2774,0.1624,27.18,23.283,20.764
rolling over,0.6532,1.2919,0.7865,77.14,121.003,138.989
normal,0.1932,0.2671,0.2104,25.83,9.88,21.455
shifting position,0.4331,0.3274,0.5892,55.076,25.411,64.945
normal,0.2397,0.1615,0.1082,17.501,10.357,27.153
shifting position,0.4213,0.516,0.684,68.239,22.055,66.25
adjusting limbs,0.1821,0.3783,0.2461,11.242,18.54,36.633
normal,0.078,0.1612,0.1466,19.264,6.225,8.787
normal,0.2762,0.1559,0.2977,16.744,13.702,27.474
shifting position,0.3506,0.331,0.4145,66.154,28.374,28.967
rolling over,0.8259,1.2076,0.9795,143.052,108.576,119.467
still,0.006,0.0245,0.0389,2.676,1.337,0.081
rolling over,1.043,0.835,0.5826,133.656,147.933,131.222
shifting position,0.5337,0.4364,0.4362,51.859,24.429,54.015
rolling over,0.7013,0.7819,0.9033,111.435,79.616,53.811
shifting position,0.5757,0.5225,0.4983,44.037,27.48,44.545
shifting position,0.6316,0.3178,0.5628,63.952,29.661,42.242
adjusting limbs,0.216,0.3805,0.2909,25.916,16.037,22.393
shifting position,0.4911,0.3551,0.6398,61.088,59.804,36.663
rolling over,1.4262,0.5029,1.3503,77.237,103.746,73.374
adjusting limbs,0.2853,0.3448,0.1277,33.624,29.55,23.403
adjusting limbs,0.1992,0.3011,0.2561,19.203,31.056,13.698
normal,0.0719,0.2385,0.1152,12.268,28.212,14.761
normal,0.2675,0.2442,0.0906,12.31,19.534,25.013
shifting position,0.6636,0.318,0.3001,46.451,60.509,27.177
rolling over,0.8629,0.739,1.0784,120.831,51.138,88.258
shifting position,0.6645,0.3367,0.308,37.356,62.447,25.328
adjusting limbs,0.1138,0.2779,0.2732,37.744,35.479,31.266
still,0.0026,0.0258,0.0274,0.953,3.745,1.176
normal,0.0996,0.2487,0.2026,16.88,6.137,6.767
rolling over,1.0022,0.8406,0.9634,137.267,56.034,143.306
rolling over,1.0504,1.4198,0.6452,81.893,137.76,140.233
normal,0.2956,0.1903,0.209,25.02,6.058,22.897
adjusting limbs,0.3214,0.3803,0.3723,38.934,34.03,36.435
rolling over,1.2947,0.844,1.2421,114.29,68.517,88.726
rolling over,0.8939,0.5201,1.2064,145.985,50.721,75.036
normal,0.0523,0.144,0.2405,17.562,23.379,12.039
adjusting limbs,0.2051,0.2555,0.1794,10.913,30.769,29.25
adjusting limbs,0.335,0.3569,0.2937,35.324,37.803,13.978
normal,0.071,0.1885,0.0617,5.666,6.17,22.349
rolling over,0.9726,0.748,1.3838,135.944,76.43,96.569
adjusting limbs,0.3137,0.3588,0.1307,24.496,39.635,25.51
still,0.0142,0.0287,0.019,2.194,1.144,4.783
rolling over,1.0409,0.6604,0.636,69.047,102.529,52.406
still,0.0313,0.0193,0.0205,3.739,3.174,3.968
adjusting limbs,0.2597,0.2753,0.2319,35.774,20.619,17.851
rolling over,0.826,1.2041,1.3044,75.631,143.238,144.234
normal,0.1068,0.0974,0.1987,25.866,25.731,24.921
still,0.039,0.0038,0.036,0.132,0.973,3.356
shifting position,0.6783,0.4073,0.3147,20.98,41.896,52.331
rolling over,0.9341,0.693,1.093,138.52,112.592,91.286
normal,0.0782,0.2441,0.253,5.518,12.04,19.286
normal,0.063,0.226,0.2142,27.833,10.794,16.332
rolling over,0.8216,0.5552,0.7873,137.473,74.548,90.585
still,0.0138,0.0153,0.0214,4.902,4.26,0.847
normal,0.2797,0.1492,0.2545,27.674,29.142,9.085
adjusting limbs,0.269,0.3024,0.1882,27.018,17.457,33.648
shifting position,0.5988,0.6833,0.3755,59.118,46.484,21.533
still,0.0487,0.0441,0.0085,1.448,2.395,4.794
still,0.0113,0.0395,0.0148,2.118,2.171,0.059
adjusting limbs,0.2622,0.1348,0.2159,34.732,11.367,29.444
rolling over,1.106,0.9307,1.1877,143.106,87.7,123.239
still,0.0175,0.0089,0.037,1.099,2.849,2.174
adjusting limbs,0.1176,0.2308,0.3227,10.993,13.498,34.829
rolling over,1.2221,1.2735,1.2678,98.789,58.325,119.087
rolling over,0.825,0.6111,1.4267,53.888,142.256,132.364
shifting position,0.6641,0.5472,0.3088,27.125,32.259,35.042
adjusting limbs,0.126,0.1748,0.1455,23.24,32.851,36.636
adjusting limbs,0.2997,0.1057,0.1071,31.835,34.108,28.621
adjusting limbs,0.2546,0.1145,0.1696,18.897,38.718,26.794
still,0.0043,0.0163,0.0453,3.084,3.17,0.189
shifting position,0.5615,0.329,0.5332,62.145,50.919,24.072
adjusting limbs,0.2465,0.2716,0.378,34.502,38.83,38.515
adjusting limbs,0.1775,0.1231,0.3394,20.258,16.83,37.491
shifting position,0.4642,0.6099,0.5397,66.195,28.328,50.19
normal,0.228,0.1339,0.2189,20.028,21.832,18.273
normal,0.0863,0.0754,0.2379,18.313,23.437,14.78
normal,0.0846,0.2713,0.2522,22.311,16.378,20.905
still,0.0158,0.0358,0.0497,2.725,0.228,3.902
rolling over,1.2665,1.1788,0.9367,124.489,94.505,124.497
adjusting limbs,0.3104,0.2905,0.3674,10.647,22.2,18.123
adjusting limbs,0.3947,0.1608,0.2265,13.379,35.181,18.366
normal,0.1427,0.0993,0.1769,12.861,18.287,20.594
normal,0.0637,0.2777,0.2542,24.778,23.898,24.137
normal,0.1691,0.1421,0.1745,21.955,19.053,19.904
rolling over,1.3359,1.1839,0.5842,86.189,142.429,129.062
adjusting limbs,0.3218,0.313,0.3308,25.34,38.519,32.585
still,0.0151,0.0443,0.0313,1.228,0.997,1.859
rolling over,0.8259,1.1495,0.5269,86.346,51.427,143.642
adjusting limbs,0.3646,0.3662,0.2337,36.413,30.866,24.642
rolling over,0.5001,1.0351,0.8992,98.655,63.25,145.088
normal,0.1644,0.1591,0.1092,29.02,28.446,16.599
still,0.02,0.0163,0.0163,3.386,2.549,3.176
still,0.0417,0.0176,0.0341,3.271,3.995,1.923
rolling over,0.7022,0.8727,0.6082,125.136,129.473,100.095
adjusting limbs,0.1838,0.2407,0.2784,11.244,37.842,33.153
shifting position,0.6663,0.5258,0.6082,27.702,64.151,47.595
rolling over,0.6272,0.8716,0.7673,124.572,85.703,114.373
rolling over,0.876,0.6818,1.148,75.649,113.524,65.087
still,0.0005,0.0358,0.0362,2.164,2.448,1.494
rolling over,0.8652,0.6825,0.6211,142.424,134.9,74.805
shifting position,0.6034,0.5137,0.4425,20.237,24.507,29.315
adjusting limbs,0.2437,0.2136,0.1151,27.815,18.083,27.826
shifting position,0.5992,0.364,0.4512,51.745,25.738,37.026
adjusting limbs,0.1319,0.3653,0.2672,11.183,12.358,31.741
normal,0.2511,0.2243,0.0872,15.432,19.257,12.438
shifting position,0.6627,0.6373,0.3327,67.822,55.488,34.359
still,0.0492,0.0003,0.0425,1.376,3.207,0.546
rolling over,0.6546,0.6051,1.2081,79.043,124.137,98.944
adjusting limbs,0.1185,0.1991,0.3942,10.131,20.248,26.195
still,0.0281,0.0107,0.0373,4.093,4.481,1.196
rolling over,1.1048,1.2573,1.0738,98.733,96.755,124.062
still,0.0472,0.0284,0.0326,0.878,0.231,3.68
normal,0.1196,0.2879,0.2223,16.11,27.421,13.211
rolling over,1.3035,0.5688,0.5674,136.93,130.211,69.596
adjusting limbs,0.3231,0.3095,0.111,18.439,29.712,21.277
rolling over,1.0506,0.5056,1.2788,101.844,124.164,121.001
adjusting limbs,0.1313,0.1876,0.3512,11.588,30.595,19.871
still,0.0478,0.0326,0.0315,0.225,1.836,0.714
still,0.0339,0.0415,0.0383,2.655,0.244,4.32
still,0.014,0.0422,0.045,3.654,3.848,0.504
still,0.0168,0.0216,0.0493,4.503,3.547,1.38
normal,0.0585,0.1509,0.1405,22.069,18.97,20.711
adjusting limbs,0.3327,0.1234,0.3512,29.705,12.978,25.143
shifting position,0.4036,0.5926,0.5386,52.816,36.991,20.685
still,0.0071,0.0465,0.0465,1.841,4.355,0.26
rolling over,0.8499,1.2772,0.599,146.858,58.841,65.988
still,0.0497,0.0478,0.0367,4.414,0.338,2.302
still,0.0499,0.038,0.0263,2.823,1.432,4.213
rolling over,1.236,0.9085,0.6381,114.809,118.24,124.558
adjusting limbs,0.224,0.2584,0.2794,21.039,36.009,34.773
normal,0.2593,0.2314,0.2664,9.037,22.295,7.911
shifting position,0.6129,0.4859,0.4598,38.736,27.359,43.612
shifting position,0.3231,0.6694,0.3412,68.931,24.087,20.156
shifting position,0.545,0.559,0.6006,58.15,22.01,57.673
normal,0.0716,0.0582,0.2455,22.703,15.009,14.97
shifting position,0.4647,0.6393,0.6468,61.676,46.094,27.499
still,0.0284,0.0253,0.0061,4.697,3.754,3.491
still,0.0066,0.0225,0.0446,0.967,2.932,2.909
still,0.0021,0.0373,0.0058,2.966,0.999,1.202
rolling over,1.4463,0.739,1.3701,90.667,106.359,82.243
normal,0.2072,0.2699,0.2615,8.318,18.205,10.481
normal,0.2175,0.083,0.2893,27.963,14.687,15.065
shifting position,0.4954,0.393,0.6941,66.526,65.071,41.869
still,0.0189,0.0452,0.0419,2.783,3.477,3.217
adjusting limbs,0.3262,0.2548,0.1642,16.49,25.203,14.098
normal,0.2407,0.2559,0.2964,22.881,9.401,10.181
still,0.0243,0.0215,0.0083,1.849,3.045,0.836
still,0.0283,0.0156,0.0347,2.951,3.501,3.568
still,0.0234,0.018,0.0373,4.892,1.87,3.254
rolling over,0.9193,0.8476,0.5937,106.099,126.89,125.368
still,0.0049,0.0217,0.0158,4.414,4.13,2.586
adjusting limbs,0.3109,0.3983,0.1903,10.431,22.317,33.199
shifting position,0.5898,0.3295,0.3693,44.56,56.72,58.653
rolling over,0.961,1.0657,0.534,148.885,72.125,64.316
rolling over,0.7105,1.4346,1.2113,51.631,115.077,74.688
normal,0.1739,0.055,0.2586,26.908,15.521,23.942
normal,0.2455,0.2578,0.2289,22.42,29.856,27.686
rolling over,0.8327,1.4836,0.8063,107.368,82.869,50.604
shifting position,0.4587,0.4895,0.3988,28.582,50.417,40.976
still,0.0043,0.0358,0.0389,0.876,2.046,1.914
normal,0.1992,0.2449,0.0969,21.472,26.377,20.303
shifting position,0.6748,0.5917,0.3383,25.216,69.628,63.598
adjusting limbs,0.273,0.3235,0.35,10.678,18.481,20.057
rolling over,1.4465,1.2565,1.1607,114.384,51.966,79.048
shifting position,0.3057,0.4966,0.3506,49.967,69.6,42.117
normal,0.2586,0.0756,0.0828,9.538,22.313,21.979
shifting position,0.5648,0.5207,0.34,54.099,46.51,52.019
adjusting limbs,0.2395,0.2991,0.181,19.351,30.578,35.426
adjusting limbs,0.3833,0.1663,0.2352,10.34,34.388,22.238
normal,0.2671,0.2682,0.0824,29.648,17.759,19.708
rolling over,0.6693,1.2043,0.6978,79.948,147.543,112.348
shifting position,0.4821,0.5318,0.3169,28.847,32.685,46.993
still,0.0068,0.0222,0.0321,0.341,0.898,3.741
shifting position,0.4225,0.4987,0.3716,58.486,68.342,30.895
rolling over,1.0581,0.5746,1.3987,50.975,94.335,62.184
rolling over,0.5219,0.6571,0.6548,97.505,120.237,87.442
shifting position,0.3548,0.5483,0.3602,29.779,63.146,45.929
normal,0.2726,0.1298,0.1389,13.896,7.424,27.668
normal,0.1769,0.1705,0.113,8.921,13.169,5.496
rolling over,1.4336,1.3655,0.6917,80.863,83.284,101.92
rolling over,1.3329,1.3941,0.8394,123.807,65.168,128.897
rolling over,1.2125,1.0442,1.289,124.105,118.542,149.467
adjusting limbs,0.282,0.2897,0.2353,20.298,36.699,16.117
adjusting limbs,0.1011,0.2628,0.138,13.838,36.433,18.546
normal,0.0632,0.2977,0.0925,21.941,5.478,25.976
normal,0.155,0.1277,0.188,22.575,16.824,19.449
still,0.0107,0.0388,0.0065,0.486,1.438,4.171
shifting position,0.6049,0.6979,0.4561,66.162,52.828,60.538
rolling over,1.4504,1.0861,0.673,111.924,132.051,95.38
still,0.0196,0.0212,0.0463,2.566,4.15,0.192
rolling over,0.6183,1.07,0.5713,129.387,89.27,51.611
shifting position,0.5021,0.3687,0.5079,23.951,68.785,42.371
still,0.0045,0.0126,0.0226,2.253,0.964,2.191
adjusting limbs,0.2161,0.3595,0.182,20.797,23.696,38.721
rolling over,1.401,0.6059,0.9366,131.355,88.0,117.357
still,0.0206,0.01,0.0388,4.106,1.982,3.577
adjusting limbs,0.357,0.3809,0.3779,17.569,16.817,24.863
rolling over,1.1273,0.6013,0.8432,118.72,70.615,72.688
adjusting limbs,0.2807,0.1895,0.1424,34.018,33.065,31.344
shifting position,0.3912,0.4247,0.5927,34.426,48.889,23.026
still,0.0169,0.032,0.0265,3.625,0.428,0.804
shifting position,0.461,0.3773,0.5234,27.062,61.403,63.008
shifting position,0.4625,0.6573,0.3842,32.485,69.411,53.861
rolling over,1.112,1.269,0.6939,85.824,55.444,136.207
rolling over,0.6813,1.0035,1.3898,137.833,124.667,92.123
shifting position,0.676,0.4987,0.5064,47.808,57.76,66.943
rolling over,1.0375,1.3939,0.9809,57.004,88.003,84.25
shifting position,0.3739,0.3832,0.5977,31.469,64.902,34.681
shifting position,0.4255,0.4658,0.5338,36.01,33.885,32.663
rolling over,0.9594,0.932,0.7982,106.204,97.612,96.108
adjusting limbs,0.2976,0.132,0.2476,18.013,15.874,39.572
normal,0.1993,0.2202,0.2291,6.571,15.325,26.503
still,0.0067,0.0423,0.0284,2.153,4.79,3.803
still,0.05,0.042,0.0151,0.419,2.961,0.392
normal,0.2687,0.0839,0.0555,6.664,13.59,15.135
adjusting limbs,0.3803,0.3547,0.2982,22.913,21.702,29.696
adjusting limbs,0.3911,0.3661,0.2046,16.83,10.731,29.317
rolling over,0.5742,0.8731,0.5202,94.27,93.226,80.763
still,0.013,0.0142,0.0056,3.14,1.517,1.88
adjusting limbs,0.1715,0.104,0.3645,39.495,13.657,32.283
still,0.0189,0.0418,0.0028,0.424,3.696,4.853
rolling over,1.4359,0.6784,1.3793,132.287,97.335,95.323
rolling over,0.8243,1.0112,0.6425,133.573,117.899,108.834
shifting position,0.6282,0.6926,0.3114,50.216,31.699,60.427
still,0.0175,0.0122,0.0253,2.037,2.282,2.938
adjusting limbs,0.1256,0.1557,0.1741,25.563,15.4,32.733
rolling over,0.8143,1.3777,1.0921,93.821,91.007,76.748
shifting position,0.4789,0.4956,0.6949,26.472,21.036,54.171
rolling over,1.1453,0.6524,0.6318,72.431,75.842,67.378
still,0.0137,0.0008,0.0426,4.476,4.585,3.74
adjusting limbs,0.328,0.1048,0.3379,32.511,36.373,30.604
shifting position,0.3946,0.6182,0.3927,25.565,53.317,66.563
rolling over,0.9054,0.9858,1.0011,126.477,125.11,127.133
shifting position,0.3408,0.4859,0.487,63.004,32.57,41.646
normal,0.1602,0.1665,0.0965,27.351,20.321,13.817
rolling over,0.7231,1.2302,1.1554,100.619,135.151,84.315
shifting position,0.3862,0.4186,0.6026,45.09,64.356,21.868
normal,0.0573,0.2713,0.1426,24.101,21.348,5.897
shifting position,0.3181,0.5387,0.3744,69.293,45.683,69.199
normal,0.0714,0.2617,0.0989,20.18,24.116,13.694
rolling over,1.2873,1.3921,1.108,95.877,60.696,113.914
still,0.0176,0.0301,0.0207,3.842,4.394,3.685
rolling over,1.4501,1.4983,0.9267,95.787,146.063,86.006
rolling over,0.8416,0.7879,1.2802,65.18,120.095,114.147
shifting position,0.4606,0.3587,0.6707,42.426,34.282,57.265
shifting position,0.3742,0.3742,0.568,51.745,40.823,27.88
shifting position,0.3188,0.5155,0.3384,68.444,21.485,67.616
still,0.0292,0.0228,0.0304,0.08,4.094,4.446
normal,0.2982,0.1978,0.2877,20.711,21.642,17.481
adjusting limbs,0.3065,0.2625,0.103,39.967,27.072,31.876
shifting position,0.6106,0.3013,0.3194,55.752,58.096,44.021
rolling over,1.0227,1.3041,0.5705,132.116,104.236,113.365
still,0.0196,0.003,0.0175,2.082,4.477,3.821
normal,0.2613,0.2428,0.0551,24.881,8.495,16.525
still,0.0339,0.0129,0.0365,4.291,0.677,3.61
rolling over,0.8889,0.9442,0.6688,137.078,85.304,61.846
shifting position,0.46,0.5296,0.627,57.666,40.41,43.637
adjusting limbs,0.2895,0.2509,0.1187,18.546,10.385,12.818
normal,0.2688,0.08,0.2396,21.39,28.39,5.72
rolling over,0.6876,0.6001,0.5922,64.844,147.425,115.794
shifting position,0.667,0.3689,0.6581,53.772,21.178,68.88
shifting position,0.5648,0.3946,0.5124,40.747,40.129,50.162
normal,0.1823,0.2716,0.1442,19.352,13.796,27.926
normal,0.0864,0.097,0.0527,20.829,5.903,21.083
normal,0.0564,0.0883,0.0792,14.429,27.748,26.109
shifting position,0.6539,0.3052,0.3142,45.569,31.092,63.977
still,0.0112,0.0402,0.0174,3.527,2.153,1.06
shifting position,0.6701,0.5409,0.365,62.247,67.232,51.151
shifting position,0.4097,0.5308,0.6774,62.615,24.603,27.463
shifting position,0.3258,0.3964,0.4161,48.292,28.089,49.504
adjusting limbs,0.2702,0.172,0.3706,25.31,11.893,26.356
adjusting limbs,0.2869,0.2871,0.3634,23.644,12.076,20.444
still,0.0329,0.0139,0.0092,4.715,4.104,1.614
rolling over,0.7878,1.4936,0.5795,102.7,139.568,61.143
normal,0.2073,0.1714,0.153,6.834,21.717,14.456
still,0.0079,0.0215,0.0006,3.652,0.788,4.115
rolling over,0.5798,1.0305,0.6052,57.356,148.693,89.944
rolling over,0.7542,1.2961,1.2583,93.898,98.868,104.171
normal,0.2226,0.1423,0.2177,21.03,16.284,17.356
still,0.0488,0.0474,0.0258,3.664,4.802,4.808
still,0.0287,0.033,0.0177,0.066,4.514,4.536
shifting position,0.4042,0.5901,0.3519,56.225,41.424,26.906
still,0.0064,0.0104,0.0337,1.675,1.888,2.503
shifting position,0.5545,0.4625,0.3736,20.058,29.972,57.565
shifting position,0.5087,0.6444,0.3735,40.97,21.973,69.073
rolling over,0.5614,0.9761,1.2871,102.055,91.577,83.363
still,0.0106,0.0034,0.0139,1.559,4.039,4.738
rolling over,1.4562,0.6485,0.7478,144.294,134.453,134.936
adjusting limbs,0.2521,0.2725,0.2525,34.461,36.776,14.971
adjusting limbs,0.3269,0.2726,0.2017,37.018,30.694,31.308
normal,0.0524,0.1975,0.0889,22.065,15.971,24.615
adjusting limbs,0.1509,0.3829,0.3938,12.993,23.012,26.091
rolling over,1.0246,0.8611,1.3985,97.592,110.519,51.077
still,0.0248,0.0032,0.03,1.928,0.804,1.526
rolling over,0.6562,0.7849,1.189,118.074,131.173,123.913
shifting position,0.5628,0.5046,0.4272,59.564,65.275,24.28
shifting position,0.407,0.5846,0.3298,34.458,33.638,56.725
still,0.0023,0.0465,0.0054,2.482,3.091,2.793
normal,0.23,0.2124,0.2182,11.042,18.573,12.58
normal,0.167,0.08,0.218,28.552,10.588,27.828
rolling over,1.2191,1.059,0.7408,67.566,138.616,125.417
adjusting limbs,0.3213,0.3596,0.3424,26.737,18.458,35.377
adjusting limbs,0.1575,0.2527,0.2628,17.305,15.112,17.293
still,0.0141,0.0473,0.0055,1.729,1.348,1.96
normal,0.0905,0.1879,0.1184,20.23,12.935,20.597
shifting position,0.6085,0.3602,0.4813,46.914,32.968,30.548
normal,0.0747,0.1074,0.2864,28.255,10.937,28.487
shifting position,0.4561,0.3442,0.3778,30.702,32.477,41.636
shifting position,0.3152,0.4139,0.6007,60.764,57.75,52.074
normal,0.1764,0.253,0.092,28.655,11.503,17.364
still,0.0464,0.0438,0.0479,1.69,0.251,4.855
still,0.0028,0.0448,0.0154,4.645,0.211,2.034
still,0.0109,0.0488,0.007,1.429,4.789,3.187
still,0.0176,0.024,0.0128,4.465,0.432,4.444
adjusting limbs,0.1377,0.1226,0.1979,33.721,27.181,38.421
still,0.0105,0.0175,0.0375,4.387,0.768,3.018
shifting position,0.3706,0.4358,0.3755,52.93,26.717,66.65
normal,0.2995,0.0835,0.0761,13.355,16.831,26.432
still,0.0313,0.0079,0.0084,1.455,3.54,3.52
adjusting limbs,0.2879,0.3794,0.2673,24.573,23.122,14.639
shifting position,0.5205,0.4029,0.3526,43.552,57.753,66.544
normal,0.139,0.2042,0.2538,23.656,19.896,16.932
adjusting limbs,0.1516,0.3176,0.336,38.612,37.09,15.197
adjusting limbs,0.3813,0.2097,0.3049,31.048,12.449,30.978
rolling over,1.0701,0.9348,1.3516,54.05,91.869,79.495
still,0.0158,0.0377,0.0462,1.51,4.358,4.501
shifting position,0.6882,0.3681,0.535,55.855,47.504,55.146
still,0.032,0.019,0.0172,1.78,4.178,2.403
still,0.0348,0.0247,0.0376,1.22,2.065,3.827
adjusting limbs,0.2814,0.2248,0.1939,34.041,10.444,21.238
shifting position,0.3178,0.3294,0.5506,24.713,46.232,34.9
rolling over,1.1098,0.8821,1.2289,106.012,106.642,141.26
shifting position,0.3569,0.3762,0.3694,25.59,61.938,48.338
adjusting limbs,0.2311,0.1201,0.3805,14.063,16.73,35.359
normal,0.279,0.1297,0.1842,14.856,23.315,22.79
still,0.0411,0.0029,0.0478,4.92,3.355,1.62
adjusting limbs,0.3338,0.3711,0.2625,10.691,16.494,35.299
still,0.0158,0.0289,0.0198,4.463,4.961,0.234
adjusting limbs,0.2552,0.1588,0.2534,19.596,39.336,11.942
shifting position,0.3668,0.4719,0.3099,32.607,62.976,49.344
shifting position,0.589,0.3557,0.4583,37.157,45.484,68.882
normal,0.1035,0.1623,0.2904,12.997,10.576,12.056
still,0.0018,0.0198,0.0282,4.288,0.353,1.434
adjusting limbs,0.1117,0.369,0.3254,27.541,13.873,10.845
shifting position,0.4566,0.6867,0.5925,68.053,30.278,52.897
rolling over,0.859,0.6657,1.3771,117.899,52.579,59.622
shifting position,0.5263,0.5447,0.4601,57.013,51.162,66.596
shifting position,0.4374,0.481,0.6893,56.323,22.909,25.931
still,0.0177,0.0427,0.0474,3.179,4.329,4.927
rolling over,0.9203,1.1485,1.085,140.694,81.962,98.312
shifting position,0.4282,0.6467,0.4715,21.642,64.242,39.08
still,0.0167,0.0145,0.0215,0.72,0.368,3.479
shifting position,0.5027,0.6928,0.5686,60.863,40.001,69.719
normal,0.082,0.123,0.0503,12.39,28.115,21.176
normal,0.2088,0.2462,0.0594,12.895,19.155,13.275
still,0.0311,0.0345,0.0378,2.325,4.573,3.162
still,0.0209,0.0147,0.0116,2.89,4.14,0.512
shifting position,0.5767,0.5181,0.679,53.148,24.611,55.798
still,0.0447,0.0257,0.0418,1.768,3.694,1.055
normal,0.1801,0.2174,0.057,5.35,21.047,29.768
rolling over,0.9732,0.7606,1.1224,82.279,118.293,61.618
rolling over,0.5314,1.4461,1.1378,149.567,68.305,137.132
still,0.0192,0.0173,0.0158,3.086,2.413,0.948
adjusting limbs,0.3849,0.124,0.1473,11.359,39.071,19.78
normal,0.2124,0.105,0.2474,28.102,23.654,12.873
rolling over,1.3191,0.5168,0.5693,72.075,120.466,73.122
still,0.0316,0.0315,0.0122,2.203,3.44,4.869
normal,0.0975,0.2606,0.2355,15.552,27.228,22.848
still,0.0325,0.015,0.0286,0.444,4.369,3.952
shifting position,0.6675,0.5162,0.4541,69.297,44.315,62.85
shifting position,0.5544,0.6911,0.3319,65.185,33.761,58.155
shifting position,0.5583,0.3621,0.4133,31.403,38.78,30.676
still,0.0218,0.0357,0.0198,2.749,4.241,1.397
rolling over,1.3695,0.9782,0.8554,102.506,106.953,143.468
adjusting limbs,0.2562,0.3538,0.283,11.869,30.217,17.274
adjusting limbs,0.1996,0.2496,0.3157,15.193,30.139,27.463
