Timestamp,Sensor Value,Amplitude,Frequency,Label
0.01,504,0.8745401188473625,17.1362531692343,Normal
0.02,429,1.4507143064099162,12.67311971996039,Normal
0.03,416,1.231993941811405,13.29302971275691,Normal
0.04,512,1.0986584841970366,19.188433508216633,Normal
0.05,461,0.6560186404424365,16.85143247727672,Normal
0.06,483,0.6559945203362026,12.073576412933036,Normal
0.07,511,0.5580836121681995,12.811772342928258,Normal
0.08,485,1.366176145774935,17.308014152864445,Normal
0.09,540,1.1011150117432087,12.04049267076975,Normal
0.1,586,1.2080725777960455,13.286464411339988,Normal
0.11,418,0.5205844942958024,16.38987031493269,Normal
0.12,576,1.4699098521619942,17.535161581541544,Normal
0.13,499,1.3324426408004217,17.215690076020806,Normal
0.14,539,0.7123391106782762,13.79415447568448,Normal
0.15,588,0.6818249672071006,17.697433770780286,Normal
0.16,546,0.6834045098534338,13.8979926999744,Normal
0.17,475,0.8042422429595377,14.603197585274142,Normal
0.18,408,1.024756431632238,17.971931240944194,Normal
0.19,598,0.9319450186421158,17.19706319237772,Normal
0.2,427,0.7912291401980419,18.793787283953424,Normal
0.21,527,1.1118528947223796,17.260903138402746,Normal
0.22,451,0.6394938606520418,16.54646882668377,Normal
0.23,482,0.7921446485352182,12.74939814262474,Normal
0.24,510,0.8663618432936917,14.941726424475469,Normal
0.25,543,0.9560699842170359,14.121618941453804,Normal
0.26,516,1.2851759613930136,13.951917147032669,Normal
0.27,468,0.6996737821583597,19.784084438019566,Normal
0.28,498,1.0142344384136117,15.144781797334083,Normal
0.29,539,1.0924145688620426,19.136372441416906,Normal
0.3,424,0.5464504127199977,17.049109007978103,Normal
0.31,579,1.1075448519014384,18.358490428333187,Normal
0.32,522,0.6705241236872915,16.021096744841536,Normal
0.33,452,0.5650515929852795,16.615231077010872,Normal
0.34,550,1.4488855372533331,15.940141550550912,Normal
0.35,543,1.4656320330745594,13.561943902384357,Normal
0.36,456,1.3083973481164612,17.779616922092043,Normal
0.37,438,0.8046137691733707,14.246178899526846,Normal
0.38,508,0.5976721140063839,12.19452773145163,Normal
0.39,580,1.1842330265121568,17.163778367257343,Normal
0.4,441,0.9401524937396013,13.416885435256392,Normal
0.41,585,0.6220382348447788,19.523668674823313,Normal
0.42,566,0.9951769101112702,19.6314286160207,Normal
0.43,541,0.5343885211152184,19.318915121763588,Normal
0.44,521,1.409320402078782,14.961269602043554,Normal
0.45,532,0.7587799816000169,12.12365293223094,Normal
0.46,562,1.162522284353982,19.426548500701802,Normal
0.47,474,0.811711076089411,15.425473186538515,Normal
0.48,545,1.0200680211778108,19.733238552349356,Normal
0.49,475,1.0467102793432796,19.70895981671402,Normal
0.5,408,0.684854455525527,18.82407564373888,Normal
0.51,473,1.4695846277645586,14.355591136556686,Normal
0.52,585,1.2751328233611146,15.080781828815402,Normal
0.53,544,1.4394989415641892,18.809093372134853,Normal
0.54,406,1.394827350427649,14.53537604125022,Normal
0.55,573,1.097899978811085,13.35594197348874,Normal
0.56,540,1.4218742350231168,16.454410099666802,Normal
0.57,567,0.5884925020519195,19.489238193286248,Normal
0.58,569,0.6959828624191452,17.568238373399783,Normal
0.59,536,0.5452272889105381,16.560489360714918,Normal
0.6,577,0.8253303307632643,12.777411950166147,Normal
0.61,426,0.888677289689482,16.92005781359336,Normal
0.62,521,0.7713490317738959,19.920430800834104,Normal
0.63,593,1.3287375091519293,13.120672121892191,Normal
0.64,404,0.8567533266935893,16.146637218909895,Normal
0.65,428,0.7809345096873808,19.018984575423644,Normal
0.66,564,1.0426960831582486,17.926148942033635,Normal
0.67,565,0.6409242249747626,17.576125927962146,Normal
0.68,482,1.3021969807540397,17.619872671896875,Normal
0.69,535,0.5745506436797708,14.875929209758041,Normal
0.7,508,1.4868869366005173,14.348734754115947,Normal
0.71,464,1.2722447692966574,18.47488924382811,Normal
0.72,485,0.6987156815341724,18.480907157433446,Normal
0.73,544,0.5055221171236024,18.93657854864083,Normal
0.74,470,1.3154614284548343,19.30592442045177,Normal
0.75,444,1.2068573438476171,16.090739190887504,Normal
0.76,531,1.2290071680409873,16.012130357497597,Normal
0.77,435,1.2712703466859456,18.3863614317342,Normal
0.78,469,0.5740446517340904,17.19971144622212,Normal
0.79,558,0.8584657285442726,17.615735018061628,Normal
0.8,418,0.6158690595251297,18.366341355488807,Normal
0.81,588,1.3631034258755936,19.12004273454053,Normal
0.82,507,1.123298126827558,14.703961254812286,Normal
0.83,581,0.8308980248526492,15.004663621119551,Normal
0.84,566,0.5635583502860236,12.751855518726952,Normal
0.85,490,0.8109823217156622,16.626241127969394,Normal
0.86,489,0.825183322026747,12.287538190373937,Normal
0.87,418,1.229606178338064,15.724784145059681,Normal
0.88,438,1.1375574713552132,16.34115707766061,Normal
0.89,525,1.3872127425763265,14.292330017026275,Normal
0.9,594,0.9722149251619493,16.726666084552086,Normal
0.91,572,0.6195942459383017,12.244001999512395,Normal
0.92,540,1.213244787222995,12.298785509993715,Normal
0.93,525,1.2607850486168974,18.580804485277266,Normal
0.94,457,1.0612771975694963,14.881525131290104,Normal
0.95,547,1.270967179954561,13.016484101215077,Normal
0.96,599,0.9937955963643907,16.177946080438435,Normal
0.97,460,1.0227328293819942,18.159948424788887,Normal
0.98,526,0.9275410183585496,13.726568219974745,Normal
0.99,504,0.5254191267440952,16.983123806552,Normal
1.0,566,0.6078914269933045,12.682779719950144,Normal
1.01,400,0.5314291856867343,12.413453769348862,Normal
1.02,530,1.1364104112637805,16.250837052545183,Normal
1.03,491,0.8143559810763267,16.32508097288085,Normal
1.04,589,1.0085706911647028,17.099439211985654,Normal
1.05,590,1.4075664739260931,17.80873066978129,Normal
1.06,512,0.7492922291488749,19.806816635700276,Normal
1.07,552,0.9103829230356297,16.13040278640956,Normal
1.08,455,1.2555511385430487,14.583651783529968,Normal
1.09,560,0.7287981654916225,18.36148955814963,Normal
1.1,565,0.576979909828793,14.166658010096594,Normal
1.11,516,0.789751452913768,15.511771365645089,Normal
1.12,533,0.6612212872540044,12.627651050738127,Normal
1.13,457,1.429697652342573,12.202805947323661,Normal
1.14,443,1.308120379564417,19.7011873174234,Normal
1.15,572,1.1334037565104236,18.687840964097646,Normal
1.16,559,1.3714605901877177,17.567793648749586,Normal
1.17,572,1.3036720768991144,15.271623555314159,Normal
1.18,460,0.6865700588860358,13.386354560566765,Normal
1.19,446,1.3925589984899778,13.25149634136869,Normal
1.2,548,1.0393422419156506,14.001943185316762,Normal
1.21,479,1.3074401551640626,16.393813317648963,Normal
1.22,517,1.3960912999234933,17.716767381600498,Normal
1.23,563,0.8180034749718639,17.28157901374185,Normal
1.24,546,0.6100519245276768,14.239471175567543,Normal
1.25,419,0.7279351625419417,19.63892224530555,Normal
1.26,584,0.9271077886262563,17.903175333566146,Normal
1.27,545,1.3180147659224932,16.434832420091205,Normal
1.28,446,1.3607305832563434,16.893765969874817,Normal
1.29,448,0.5069521305311907,15.35680049942232,Normal
1.3,413,1.0107473025775657,13.98184791600926,Normal
1.31,542,0.917411003148779,14.847781429210093,Normal
1.32,558,0.7221078104707302,18.062768883714952,Normal
1.33,400,0.6198653673336828,12.115147909038047,Normal
1.34,516,0.837615171403628,12.92858112405533,Normal
1.35,453,1.4429097039125192,12.368021136174022,Normal
1.36,517,0.8232029320207552,12.32583041855176,Normal
1.37,402,1.0187906217433662,18.84368467208806,Normal
1.38,543,1.2030189588951778,17.62926287504019,Normal
1.39,584,0.863629602379294,15.793390632698602,Normal
1.4,411,1.4717820827209607,12.782673285208013,Normal
1.41,473,1.4624472949421112,15.932927000934658,Normal
1.42,415,0.7517822958253642,15.787774166244525,Normal
1.43,599,0.9972485058923855,13.385614959280122,Normal
1.44,501,0.8008783098167697,15.470813193903783,Normal
1.45,551,0.7848404943774676,15.188037875178988,Normal
1.46,555,0.5368869473545328,16.926800784417733,Normal
1.47,516,1.1095643339798968,17.08074920694115,Normal
1.48,407,1.0026790232288616,12.362432078176356,Normal
1.49,521,0.5514787512499894,14.99690091701177,Normal
1.5,491,0.7786464642366114,17.00687932571389,Normal
1.51,563,1.4082658859666537,16.0250900686407,Normal
1.52,489,0.7395618906669724,18.85191872950658,Normal
1.53,535,0.6448948720912231,17.26954905295156,Normal
1.54,585,0.989452760277563,13.303475416651438,Normal
1.55,459,1.4856504541106008,12.564549979203438,Normal
1.56,577,0.7420552715115004,17.139354225650525,Normal
1.57,427,1.1721355474058786,12.212090484332975,Normal
1.58,500,1.2616196153287176,16.686204650187705,Normal
1.59,440,0.7376375439923997,19.52184193139966,Normal
1.6,591,1.2282163486118596,16.603793423007033,Normal
1.61,554,0.8677831327192532,15.105359409652175,Normal
1.62,590,1.1323058305935794,17.146305747538825,Normal
1.63,544,1.1335297107608948,15.666023123932133,Normal
1.64,560,1.0357746840747586,16.36493431452748,Normal
1.65,556,0.5902897700544083,19.5317184702122,Normal
1.66,540,1.335302495589238,15.088821102406193,Normal
1.67,445,0.8207800649717358,19.689524510591312,Normal
1.68,434,0.6865185103998542,19.24280513564851,Normal
1.69,533,0.5407751415547639,13.566329078314372,Normal
1.7,481,1.090892943188242,12.554890407001324,Normal
1.71,514,1.1775643618422824,12.806224011019413,Normal
1.72,596,0.5165878289278562,12.145774605212399,Normal
1.73,446,1.012093058299281,12.755543686047428,Normal
1.74,552,0.726495775197938,17.464054187330856,Normal
1.75,593,1.14517279040945,12.569509187681831,Normal
1.76,409,0.6743664290049914,14.55180504235009,Normal
1.77,455,1.190937738102466,18.759002487755637,Normal
1.78,429,0.8867353463005374,12.186175485886608,Normal
1.79,508,1.4367299887367344,18.515747860711485,Normal
1.8,404,0.6375209441459933,14.2548381981872,Normal
1.81,518,0.8410663510502585,12.94531862097325,Normal
1.82,432,0.6134735212405891,17.573897322913204,Normal
1.83,517,1.4246936182785628,17.03154277423907,Normal
1.84,464,1.377339353380981,19.019776108216423,Normal
1.85,545,0.7579416277151556,17.880568350431087,Normal
1.86,576,1.159984046034179,18.42784744307879,Normal
1.87,410,1.3172222002012157,14.256276580570452,Normal
1.88,484,1.0552008115994624,13.419516350237782,Normal
1.89,425,1.0296505783560064,18.00491801312687,Normal
1.9,462,0.7418522909004517,18.454677914138113,Normal
1.91,485,0.5931027678058992,19.924041136005386,Normal
1.92,458,1.3972157579533269,15.300941415291412,Normal
1.93,426,1.4004180571633305,14.976144686342266,Normal
1.94,576,1.133101457273268,18.211303685935974,Normal
1.95,560,0.8390297910487007,14.726428322024143,Normal
1.96,497,0.8492095746126609,19.44605860482852,Normal
1.97,504,1.2259556788702395,18.867302014744094,Normal
1.98,498,1.397110259952577,15.431952219000147,Normal
1.99,528,1.3870864242651173,18.00696854233198,Normal
2.0,548,1.2798755458576239,18.036342992677458,Normal
0.01,424,1.5845632449763907,8.806509280190978,Deep
0.02,502,2.7970835643825795,8.654623771462818,Deep
0.03,421,2.7193515136951163,8.65706319172397,Deep
0.04,403,2.999576509929196,11.258298880925528,Deep
0.05,553,2.994955255610858,10.6607888827848,Deep
0.06,585,2.333147558403941,10.092261699076477,Deep
0.07,428,2.6534811227707658,9.43532193649401,Deep
0.08,508,2.917148594823642,11.508802163252433,Deep
0.09,497,2.774471086016117,9.569780429690542,Deep
0.1,436,1.8710221526147965,11.266397757886308,Deep
0.11,474,2.17581620296514,9.756539634280873,Deep
0.12,469,1.6937391227272425,9.50777771769963,Deep
0.13,545,2.9310765408880837,9.850719142678425,Deep
0.14,527,2.40926195167632,9.205511496656568,Deep
0.15,484,1.842964208255194,10.990437520705004,Deep
0.16,441,2.507551026608785,10.010881560369917,Deep
0.17,499,2.4271923606868437,8.928850780587268,Deep
0.18,440,2.0372440770492606,11.598298293098274,Deep
0.19,565,1.6703363882994435,9.535564885492846,Deep
0.2,433,2.5073597933891993,10.174211444455954,Deep
0.21,416,2.28046155135569,11.625888443858187,Deep
0.22,564,2.6584775876034588,10.496951983655968,Deep
0.23,552,2.2802452516679903,8.467592162833457,Deep
0.24,521,2.7782722504778103,11.7593284944539,Deep
0.25,475,2.3278602581617283,10.51083221228567,Deep
0.26,486,2.3414069573030796,9.339622458628345,Deep
0.27,516,2.8149804039875175,8.55708829065355,Deep
0.28,505,2.1052242993185954,11.176100757081183,Deep
0.29,485,1.701022842675961,10.480291023714054,Deep
0.3,426,1.5431740144700083,10.133844367905287,Deep
0.31,456,2.6327058835104284,11.575570332203831,Deep
0.32,430,2.430464327030197,11.154388844898122,Deep
0.33,533,2.556119652148835,8.606699518931006,Deep
0.34,567,1.8194462422633662,9.246888271182193,Deep
0.35,497,1.7045572133801548,8.993956559257864,Deep
0.36,411,1.5218169985018228,10.975785170290708,Deep
0.37,452,2.0258813382098957,8.134129738943118,Deep
0.38,598,2.3848765302819497,10.279558739485266,Deep
0.39,537,2.0883660676495985,11.049834742962762,Deep
0.4,572,2.1562123830355935,11.507062547046997,Deep
0.41,544,2.856238041740623,9.36832699486363,Deep
0.42,553,2.0223832005349505,11.285029218688052,Deep
0.43,589,2.270984233739716,8.442526947820829,Deep
0.44,521,2.6754795191117147,11.385809166938072,Deep
0.45,445,2.0948141734819052,8.50995464932793,Deep
0.46,463,2.43313005034181,9.589149162241469,Deep
0.47,529,2.7935455631201176,11.189181463118214,Deep
0.48,453,2.924280935486463,8.599669709395094,Deep
0.49,506,1.720610221393557,8.917005580930566,Deep
0.5,592,2.8898814377422415,10.889010273572264,Deep
0.51,450,2.238174439619307,10.880146146184298,Deep
0.52,580,1.8873665824484376,10.564590531541189,Deep
0.53,435,2.188703634357392,10.775793777868401,Deep
0.54,514,2.9700488629282153,10.170897773390385,Deep
0.55,425,2.238927140989304,9.007196235627811,Deep
0.56,428,1.9931274154312624,9.382783974015677,Deep
0.57,548,2.4501012814750887,8.726390867205703,Deep
0.58,410,1.8602184281672896,11.633802245334513,Deep
0.59,439,1.613794992162996,10.333567179064481,Deep
0.6,410,1.693319582865974,9.60340566705456,Deep
0.61,563,1.6920687584366587,9.84802321457653,Deep
0.62,512,1.7278540402684415,11.78913335844726,Deep
0.63,586,1.708240758974115,8.613405612464321,Deep
0.64,438,2.461312117204822,10.344919328067189,Deep
0.65,453,1.7728201265987171,10.023554715537864,Deep
0.66,497,2.018500924985795,10.445816941738592,Deep
0.67,454,2.845182614859018,8.072440735283362,Deep
0.68,510,2.2109424603943086,11.488495635776605,Deep
0.69,551,2.501336607781541,11.72847312993445,Deep
0.7,549,1.7584798068024448,10.260532734356836,Deep
0.71,468,1.7884335282130062,10.786603295507568,Deep
0.72,455,1.5613029243997183,11.689997524709183,Deep
0.73,432,1.7534025946082468,10.828954537253594,Deep
0.74,435,1.917885508547938,8.610156171657046,Deep
0.75,547,1.7655157264151202,10.305153440667253,Deep
0.76,480,1.6330538006355835,10.426860185531424,Deep
0.77,589,1.6809538066509013,9.696522685209544,Deep
0.78,508,2.1911681520490887,10.945776942498892,Deep
0.79,553,1.8095005776086888,11.73746805907606,Deep
0.8,593,2.046404791572113,11.702274051627105,Deep
0.81,472,2.2551259062822853,9.803357485616528,Deep
0.82,439,2.535592242944048,8.45295218336302,Deep
0.83,416,1.5589682097616484,11.939364795849338,Deep
0.84,528,2.699115598363564,11.355592345783737,Deep
0.85,460,2.4418505842363616,8.498650724813068,Deep
0.86,570,1.6226385479233079,11.68336753046949,Deep
0.87,503,2.8103679361601657,11.479585448248514,Deep
0.88,441,2.8813086007977198,10.075352228504288,Deep
0.89,424,1.5916169397822957,10.365101742979718,Deep
0.9,438,1.9153164722208056,9.596010815480522,Deep
0.91,434,2.709301919689592,8.219046555288125,Deep
0.92,530,2.6223895355754876,9.340788966583604,Deep
0.93,507,1.776781529034566,11.211413794392046,Deep
0.94,571,1.8140239850050655,8.01852809201841,Deep
0.95,578,2.055708154187073,9.333996686764577,Deep
0.96,501,2.226784477786532,9.592674774363774,Deep
0.97,497,2.427382157295444,10.149582411751691,Deep
0.98,411,2.0533704593546585,11.679422465651042,Deep
0.99,418,2.1938020741997217,9.385383977463846,Deep
1.0,500,2.621206407200635,9.387812807584911,Deep
1.01,443,1.555024804335897,10.950004992438993,Deep
1.02,586,1.8786554165160312,9.808871763559228,Deep
1.03,448,2.5700243788268287,8.898419291759929,Deep
1.04,588,2.842810256530799,9.809758064530774,Deep
1.05,416,2.2675161631734992,8.563428081519199,Deep
1.06,473,2.298170227897973,8.705547946024893,Deep
1.07,456,1.660758017009664,9.993471090957918,Deep
1.08,454,2.1711185502351817,9.675701798018192,Deep
1.09,446,2.298925899682535,11.6593836042724,Deep
1.1,411,1.8637057554520946,9.449575596466532,Deep
1.11,461,1.9038648464240715,10.322353401112174,Deep
1.12,479,2.065926244656934,10.52905715167812,Deep
1.13,482,1.5301067966665896,8.052377826353334,Deep
1.14,407,1.9831187483747674,10.654149488066842,Deep
1.15,548,1.817172010494817,8.712143867479005,Deep
1.16,480,1.991246028266872,11.84428126987782,Deep
1.17,517,1.6796431977288768,8.594650911012451,Deep
1.18,597,2.8357909211098424,9.658496494908094,Deep
1.19,599,2.390388680331073,8.341398672314575,Deep
1.2,424,2.5186534787167343,11.987497007383789,Deep
1.21,488,2.6837568579110074,10.00878004132497,Deep
1.22,411,2.247663298393586,10.381540069280176,Deep
1.23,542,1.6303804321311355,8.26830590955371,Deep
1.24,458,2.3056598127278214,10.999841881596712,Deep
1.25,553,2.380261677031319,8.839622372382344,Deep
1.26,508,2.618159211276495,11.592217157762855,Deep
1.27,425,2.147489319344519,8.820558561928028,Deep
1.28,446,1.6913704541933456,8.762750882654666,Deep
1.29,431,1.9256638586980868,8.14619867139238,Deep
1.3,409,2.0446234445979528,9.888267780439996,Deep
1.31,415,2.468875861997402,10.259364533050466,Deep
1.32,598,2.3561674570033677,8.26283455771341,Deep
1.33,544,2.0341450888467696,11.102110466780042,Deep
1.34,550,2.9797728731894697,9.813155338992111,Deep
1.35,425,2.408662229035331,10.09756107731032,Deep
1.36,485,1.8558401876039916,9.763050987752912,Deep
1.37,534,1.6526737089306056,9.603052243501304,Deep
1.38,413,1.729288708776498,10.238561325232872,Deep
1.39,478,1.8689365925767623,8.62096098372285,Deep
1.4,516,1.7410220598893336,8.727712521981084,Deep
1.41,406,1.7798505360769585,11.44714248405407,Deep
1.42,536,1.9276427530407707,11.78446184853453,Deep
1.43,514,1.7600603929421323,9.493237265119012,Deep
1.44,575,2.845148136939638,9.082978692574216,Deep
1.45,471,1.6203506184924632,10.575998172956062,Deep
1.46,458,2.286767084355382,9.634936684392386,Deep
1.47,481,2.115595240484492,8.10154542264138,Deep
1.48,515,2.9735679253629095,8.624610389464761,Deep
1.49,566,1.6680583532520785,10.863888915389591,Deep
1.5,545,2.096783398568612,10.635695767640605,Deep
1.51,586,2.954205649913053,8.108383970013934,Deep
1.52,502,2.7982606888409705,8.887888647731797,Deep
1.53,416,2.7256081064239197,8.924299186352286,Deep
1.54,413,1.8868542405674098,10.687570974394914,Deep
1.55,558,1.7563313810850987,8.078842151017456,Deep
1.56,551,2.5029648298866465,8.416434327938296,Deep
1.57,507,2.8940639836913786,11.199664341492758,Deep
1.58,587,2.3351443395208946,8.714178648217334,Deep
1.59,444,2.3574190342048498,10.610984431407498,Deep
1.6,497,1.9199686404904264,8.952731124186906,Deep
1.61,530,2.6542393997879055,8.39776557103738,Deep
1.62,436,1.780565622836285,8.972688763997816,Deep
1.63,570,1.9855188546063656,10.889067727422637,Deep
1.64,567,2.138154657924625,11.422785872425143,Deep
1.65,582,2.2614155680266825,11.320879458267967,Deep
1.66,507,1.8636145986226205,9.58873411847382,Deep
1.67,438,1.6722552371088053,10.672340546282584,Deep
1.68,414,2.415930063662449,8.819937181663285,Deep
1.69,519,1.9329458298603837,9.172590921044053,Deep
1.7,403,2.3718573321339185,11.58534327408448,Deep
1.71,492,1.7315440729113034,8.052007694042944,Deep
1.72,552,2.2217101527822263,8.342034123417871,Deep
1.73,540,2.298884148827379,8.831545020584109,Deep
1.74,560,1.5777353052336403,8.106128815495278,Deep
1.75,415,2.004906417290881,8.72574174035919,Deep
1.76,569,1.7016220154084614,10.332166243878769,Deep
1.77,507,1.5950624557091517,9.685698202369991,Deep
1.78,525,2.9849403485849177,11.5706868443079,Deep
1.79,593,1.9835307674620846,11.269774246953764,Deep
1.8,454,2.7148116687819526,9.367269406791504,Deep
1.81,569,1.8819609821456458,9.03769373372517,Deep
1.82,433,2.522254083335894,9.518769632669068,Deep
1.83,557,2.6403417898345296,10.36117977005923,Deep
1.84,412,2.3934581109117663,9.072254563291505,Deep
1.85,540,2.2073642828252376,10.496595631396536,Deep
1.86,417,2.1177613712209027,9.637646608764962,Deep
1.87,559,2.023302399814493,10.208188723407922,Deep
1.88,495,2.894293716371739,9.744506116541267,Deep
1.89,522,2.7459291116815936,9.17786303816767,Deep
1.9,438,2.9475403659997688,11.793813227848627,Deep
1.91,445,1.6864458352283171,11.054423176639043,Deep
1.92,428,2.596301212805466,8.56045270306581,Deep
1.93,589,2.9075106852315566,11.47387190359165,Deep
1.94,461,1.7718495992484902,9.949724792998055,Deep
1.95,584,1.5997444010501662,11.578208907576366,Deep
1.96,415,2.611680973935089,11.199421023789261,Deep
1.97,583,2.361709669769868,9.700854017876933,Deep
1.98,520,2.762743165137408,8.08987723328047,Deep
1.99,409,1.7096585649394342,9.074709437539784,Deep
2.0,557,2.6929009677898352,10.166536858643468,Deep
0.01,593,0.26710671286693355,24.552201490818014,Shallow
0.02,591,0.26854280091082805,20.116205399081007,Shallow
0.03,597,0.3950329206355566,20.72446887794559,Shallow
0.04,462,0.19551085830732096,23.92493556406685,Shallow
0.05,472,0.14418964525255787,24.799388347171234,Shallow
0.06,560,0.24184886305631062,26.000205481193035,Shallow
0.07,568,0.21489559666163272,22.916625787093032,Shallow
0.08,488,0.21852324818239605,26.949818861265427,Shallow
0.09,575,0.193443100419964,28.601223971892047,Shallow
0.1,412,0.11683727585454476,27.7985098889335,Shallow
0.11,472,0.10714957389336553,20.396188253483572,Shallow
0.12,476,0.4950889558944126,24.80506947257829,Shallow
0.13,558,0.27110925349434495,21.04930178418175,Shallow
0.14,467,0.2537306588638727,22.420450158625275,Shallow
0.15,497,0.37185891307722796,29.866625932671464,Shallow
0.16,524,0.18730155514602567,21.42495542901513,Shallow
0.17,501,0.4799844735800901,24.98888153451356,Shallow
0.18,531,0.4145380057662208,26.18155734318119,Shallow
0.19,501,0.13576440092490383,27.02464970544104,Shallow
0.2,418,0.26703231031397134,25.59648683486914,Shallow
0.21,597,0.4516473230248659,20.097708474191837,Shallow
0.22,481,0.47789280891656416,23.26461308243992,Shallow
0.23,540,0.28696060449994787,25.177116433847115,Shallow
0.24,422,0.3453645556842831,20.878664991448332,Shallow
0.25,482,0.1668135784368301,23.506269312091806,Shallow
0.26,508,0.4964674504547907,20.332031087913666,Shallow
0.27,474,0.19266868055337738,20.785784971550207,Shallow
0.28,528,0.47709270965405026,23.96923276201596,Shallow
0.29,487,0.3598586595969474,21.327157540430605,Shallow
0.3,453,0.34309471795154367,25.67540848261558,Shallow
0.31,598,0.3050754044066034,26.894649691372656,Shallow
0.32,488,0.1922679246871035,28.005866991090826,Shallow
0.33,542,0.17061121280220332,22.0015024424481,Shallow
0.34,464,0.18819448362807015,21.674825822590698,Shallow
0.35,475,0.1745753048577018,21.045678403344002,Shallow
0.36,598,0.41183378942670135,26.364302495436366,Shallow
0.37,542,0.24005010366669205,27.064757264869012,Shallow
0.38,548,0.12313707062535856,20.31586144825642,Shallow
0.39,546,0.4876410520563246,29.3621224624369,Shallow
0.4,459,0.4535143539853703,20.519712836514724,Shallow
0.41,492,0.47110091327808523,25.412963353010703,Shallow
0.42,560,0.4979631290585741,27.090605194509166,Shallow
0.43,448,0.16955809968779492,28.709691237460856,Shallow
0.44,434,0.2584968075610635,27.140869321324278,Shallow
0.45,571,0.4032953902816365,28.01728083069792,Shallow
0.46,501,0.3784082472215169,23.39450192542806,Shallow
0.47,410,0.16155836253594202,28.148251137465124,Shallow
0.48,498,0.4263332499962471,20.80114846384675,Shallow
0.49,599,0.18977622873466427,28.948166560605276,Shallow
0.5,509,0.18952704592904923,25.475923761537363,Shallow
0.51,473,0.31478976915736545,28.172977699624937,Shallow
0.52,593,0.3371759739366813,24.523182845183,Shallow
0.53,573,0.3320344831351245,26.43577695196525,Shallow
0.54,408,0.13659473495910196,25.26402660936113,Shallow
0.55,402,0.4509843450521521,27.31589521755332,Shallow
0.56,484,0.20624001703548245,20.816299820305897,Shallow
0.57,425,0.15180596851312167,20.603520839905638,Shallow
0.58,471,0.4554992319475909,22.471032340101466,Shallow
0.59,447,0.48226059929190135,21.595446801131885,Shallow
0.6,593,0.44485104690618027,28.717835665922017,Shallow
0.61,597,0.4238064298899512,22.192139873580444,Shallow
0.62,555,0.36209679225560876,29.758652558191315,Shallow
0.63,516,0.3203429482436557,23.368957917711068,Shallow
0.64,553,0.13479470396456406,21.82117915688699,Shallow
0.65,552,0.2633812852282795,27.89698507142479,Shallow
0.66,411,0.2490754068049256,26.58707775500876,Shallow
0.67,532,0.2039015135041305,24.98195716453139,Shallow
0.68,447,0.389368045475434,25.553635509376313,Shallow
0.69,436,0.29835029403150837,27.192017782722637,Shallow
0.7,443,0.1324184863630592,22.284547413312985,Shallow
0.71,414,0.18807328077992455,29.96333916056742,Shallow
0.72,442,0.3733035054638384,29.74793162146783,Shallow
0.73,575,0.13045234379612008,26.503256863469367,Shallow
0.74,486,0.4404827656195075,21.99542450929145,Shallow
0.75,469,0.2980586108055897,26.802282424312914,Shallow
0.76,445,0.2922346309306592,20.721984089791757,Shallow
0.77,507,0.33696311386380706,20.30652502205806,Shallow
0.78,522,0.42987238637005964,22.576828885112135,Shallow
0.79,570,0.23912368316087723,24.626229567393164,Shallow
0.8,420,0.3712064610236254,28.682725054083804,Shallow
0.81,550,0.3262927855983164,27.271690697663082,Shallow
0.82,506,0.20681130806776854,27.42706521199981,Shallow
0.83,479,0.4514519945420632,24.254933344480754,Shallow
0.84,446,0.41897040864277124,23.45934992546963,Shallow
0.85,516,0.3633807338633702,23.710387629846025,Shallow
0.86,523,0.44023269163769674,29.876495637360577,Shallow
0.87,542,0.446917680383921,20.401091914124827,Shallow
0.88,424,0.3833451906860139,28.670314961224484,Shallow
0.89,435,0.43480533134546884,25.786754085723935,Shallow
0.9,450,0.37898858466771346,24.386154191895905,Shallow
0.91,414,0.3720563087041202,27.252576604151365,Shallow
0.92,467,0.34744455128607377,24.866689414247027,Shallow
0.93,420,0.40108665582305647,28.734232380816607,Shallow
0.94,540,0.16344204211722949,29.007018640112584,Shallow
0.95,418,0.45234830367957135,24.217209268734553,Shallow
0.96,433,0.44873741109809284,22.768277972350518,Shallow
0.97,477,0.11169891321382366,25.92350328593362,Shallow
0.98,524,0.43032670022590513,29.12363345616691,Shallow
0.99,595,0.1515479469893781,22.106621890056665,Shallow
1.0,516,0.23404754170365677,26.229665835634826,Shallow
1.01,451,0.39740330251664313,26.315602200925206,Shallow
1.02,426,0.16430395841932327,27.33113022415281,Shallow
1.03,556,0.4271868096476249,21.3156768512726,Shallow
1.04,555,0.4328536711830968,27.158249646820884,Shallow
1.05,434,0.3029870935043345,29.09032520665641,Shallow
1.06,535,0.10255434868673344,21.79683108870242,Shallow
1.07,543,0.21481525326996512,22.375433249238775,Shallow
1.08,505,0.3467707673502969,29.713950940416396,Shallow
1.09,563,0.49247447121096943,21.809769527094897,Shallow
1.1,557,0.3527254108066674,28.543850933695794,Shallow
1.11,545,0.20392143242566393,24.922778564480346,Shallow
1.12,401,0.3536022812398446,22.47231074403177,Shallow
1.13,576,0.31599415188634217,28.707499012725116,Shallow
1.14,476,0.4119381580604574,24.453052550026655,Shallow
1.15,531,0.14279225553078337,25.148173539296902,Shallow
1.16,489,0.4044111610008112,23.592333693997656,Shallow
1.17,488,0.3165066314704441,25.929508514349273,Shallow
1.18,493,0.4851968015435979,21.63523872585023,Shallow
1.19,406,0.23674886641547443,23.910815366517607,Shallow
1.2,494,0.3530487572535793,29.694123223352875,Shallow
1.21,507,0.47281124220400705,22.581334327011277,Shallow
1.22,473,0.1410038911962717,26.56736664541292,Shallow
1.23,438,0.47489139489458043,23.251900642246948,Shallow
1.24,540,0.3751542889203253,27.734731256866006,Shallow
1.25,558,0.12713482364206877,21.308736607183498,Shallow
1.26,470,0.22038542677872652,29.698210450785446,Shallow
1.27,590,0.38326883545811263,24.53789541383639,Shallow
1.28,455,0.1269402405875087,22.36050463346464,Shallow
1.29,569,0.33286818407050933,20.734967473300127,Shallow
1.3,588,0.2383532227811827,21.697579050875408,Shallow
1.31,441,0.34836620710699084,25.197739485560177,Shallow
1.32,583,0.11829681352500515,23.370031764312863,Shallow
1.33,435,0.4486147224609506,28.288833658826093,Shallow
1.34,483,0.4893955876709588,24.308875236618057,Shallow
1.35,595,0.48755114211427664,22.4871427258763,Shallow
1.36,517,0.39986073269716993,26.1714498660403,Shallow
1.37,406,0.1520344960522528,27.067772168854457,Shallow
1.38,453,0.403305278371609,21.6704190790095,Shallow
1.39,528,0.10983476658352061,21.676192162883176,Shallow
1.4,571,0.10884942061159891,20.36671426933543,Shallow
1.41,519,0.2294440876598165,27.364020150656405,Shallow
1.42,572,0.29545727616186634,26.63804527621805,Shallow
1.43,505,0.4081629671231173,24.746308757498138,Shallow
1.44,446,0.3733181506426021,28.441704489691972,Shallow
1.45,522,0.27836108255069936,28.056701529500533,Shallow
1.46,540,0.20945066651266636,25.85354364396752,Shallow
1.47,518,0.49884980006308444,28.68271280513259,Shallow
1.48,549,0.2704725208943892,22.058412100367683,Shallow
1.49,517,0.2805548097318702,21.119196193977277,Shallow
1.5,420,0.16544952847666766,22.697496115169898,Shallow
1.51,536,0.4179238194999718,20.57086856089315,Shallow
1.52,425,0.37747289031259545,25.31169528001032,Shallow
1.53,408,0.18830784511550416,29.366056922949614,Shallow
1.54,414,0.13295241824633708,20.393435406685096,Shallow
1.55,409,0.3721997208298853,21.221099140100268,Shallow
1.56,521,0.36180448571245416,24.521990282834352,Shallow
1.57,520,0.20930381079928373,29.33875017527905,Shallow
1.58,524,0.4803454249001642,23.161561049767506,Shallow
1.59,569,0.1604231567123601,25.072348086883924,Shallow
1.6,471,0.2729339204170408,20.41572859050392,Shallow
1.61,551,0.47744636806703955,21.483432009620888,Shallow
1.62,448,0.2678909267704489,29.86630122958847,Shallow
1.63,553,0.3554103790656342,29.651186964360456,Shallow
1.64,490,0.25903775918511773,20.049399809344095,Shallow
1.65,436,0.20968608093946803,29.51811785423239,Shallow
1.66,467,0.4935910591839313,26.391199378155004,Shallow
1.67,449,0.2637336025260172,28.67918294520022,Shallow
1.68,551,0.4576396814716538,24.547398556338592,Shallow
1.69,418,0.19198184235643448,25.155960285792503,Shallow
1.7,499,0.18524188161003333,24.8884658025692,Shallow
1.71,459,0.11245363315380455,26.668642575461043,Shallow
1.72,566,0.360666730150354,21.39651254756313,Shallow
1.73,488,0.24741053748950448,20.29973589872678,Shallow
1.74,545,0.4457432999358548,23.07929941591191,Shallow
1.75,546,0.2892839626766229,27.04680762736647,Shallow
1.76,563,0.48727737116588876,22.018534521229483,Shallow
1.77,582,0.17421020628124845,26.734324333249173,Shallow
1.78,468,0.4474492671822443,29.699120461072702,Shallow
1.79,574,0.41063874111669674,20.939007157894185,Shallow
1.8,448,0.40836873785762084,26.726021182251262,Shallow
1.81,507,0.43791329124675504,24.43750219304571,Shallow
1.82,560,0.40440959637719953,28.681422543775053,Shallow
1.83,518,0.3504881286525662,21.77149789447386,Shallow
1.84,548,0.15249795107295505,26.926259522261645,Shallow
1.85,549,0.11301047179650077,28.381152896481105,Shallow
1.86,575,0.4683391391262748,29.446142194740233,Shallow
1.87,436,0.3466601258082952,26.83248028289646,Shallow
1.88,542,0.41861491639047055,24.971747640084274,Shallow
1.89,562,0.2926089406050201,26.17847240201214,Shallow
1.9,598,0.1469232755849578,28.68904984478718,Shallow
1.91,559,0.1500743168810202,25.706097466388297,Shallow
1.92,410,0.3742261148915885,20.30387059696837,Shallow
1.93,537,0.2721223579597851,29.30948695506978,Shallow
1.94,477,0.1802098906801347,26.895267510315612,Shallow
1.95,476,0.2966378186965748,26.765133857772465,Shallow
1.96,584,0.12568357483005366,22.15675152397717,Shallow
1.97,552,0.3327885607657595,26.58885470232657,Shallow
1.98,401,0.2075973617740391,23.938644056541584,Shallow
1.99,463,0.41902364025487526,26.512329770414922,Shallow
2.0,434,0.22414478356942952,21.065930303079906,Shallow
0.01,525,0.05970469168956917,2.2506221620987983,Apnea
0.02,438,0.0675841245087376,1.1348234718268206,Apnea
0.03,562,0.044271696677952714,4.4469545806442214,Apnea
0.04,528,0.0445790914577229,2.2530982836487894,Apnea
0.05,423,0.07245168513986182,4.412297202280499,Apnea
0.06,456,0.001582109176558244,0.5284673995313705,Apnea
0.07,499,0.03410900244742206,4.941376355000656,Apnea
0.08,469,0.08187070571192329,2.216365437218091,Apnea
0.09,440,0.06032194102133723,0.23915410197052733,Apnea
0.1,581,0.03372271327554204,0.19010924118727457,Apnea
0.11,573,0.09055247923296739,3.731036287409193,Apnea
0.12,459,0.07726227274493826,3.2951776710184038,Apnea
0.13,507,0.026489544723673344,4.010652790637938,Apnea
0.14,587,0.0645289837525717,0.5268376697640298,Apnea
0.15,456,0.05957507281889567,0.17785433517774174,Apnea
0.16,430,0.04011879140389827,2.5428964472378923,Apnea
0.17,483,0.036695607920480065,1.9379761574138477,Apnea
0.18,551,0.034356047477570394,2.3097346833547787,Apnea
0.19,435,0.06171557833956468,4.95794204435137,Apnea
0.2,557,0.044240993648066954,4.853749788353351,Apnea
0.21,551,0.0831863113251422,4.711576948365964,Apnea
0.22,507,0.06696026161339619,3.919213383838369,Apnea
0.23,505,0.006993160570943413,1.774206801284452,Apnea
0.24,557,0.06401682238281661,2.060654651313858,Apnea
0.25,485,0.02711474365001848,2.7480802185946223,Apnea
0.26,534,0.059281199165342274,4.1526722820241995,Apnea
0.27,562,0.06801319311034514,0.3435641625913388,Apnea
0.28,582,0.023082918915401207,2.1214844294244406,Apnea
0.29,413,0.04568586448803687,0.41308831729634343,Apnea
0.3,519,0.01903248628190678,2.573287932867558,Apnea
0.31,537,0.005233887578650832,4.494504120031177,Apnea
0.32,479,0.03784764234858691,3.9124246228196897,Apnea
0.33,543,0.0362944271845992,1.1392120877155498,Apnea
0.34,581,0.0995480490704257,4.879954247993962,Apnea
0.35,505,0.04463523511976422,3.336751990232142,Apnea
0.36,469,0.03335695494722004,0.05213849698701534,Apnea
0.37,443,0.05804750067166747,1.2770674234260975,Apnea
0.38,472,0.008876739410776846,1.3035664995995826,Apnea
0.39,444,0.09616657359548132,0.3462715314292997,Apnea
0.4,583,0.06349600455910331,4.799132590379645,Apnea
0.41,506,0.07548378199408479,2.3912764728796185,Apnea
0.42,483,0.017047793817391754,4.47907298685941,Apnea
0.43,481,0.040947785300520394,1.6110775172231417,Apnea
0.44,506,0.04226891133961896,0.6261678521641356,Apnea
0.45,584,0.08218064439010869,2.3716805495310695,Apnea
0.46,420,0.00012366797594094426,0.5697831735715858,Apnea
0.47,595,0.030085310835325507,2.4300775148876994,Apnea
0.48,577,0.0981236374344304,4.601485906097039,Apnea
0.49,560,0.04748865435062186,2.6038407091710636,Apnea
0.5,406,0.038252628024400825,3.0824986344754173,Apnea
0.51,469,0.011982900201764636,0.7831921848690415,Apnea
0.52,526,0.09741646286280156,0.21867812939984743,Apnea
0.53,542,0.002002635592582447,0.5540398108990352,Apnea
0.54,559,0.07371802250072432,2.992657878421828,Apnea
0.55,547,0.07685998047885084,0.4750584949615233,Apnea
0.56,542,0.024365671606386665,1.879964449706557,Apnea
0.57,575,0.06715584436130373,2.75045970229078,Apnea
0.58,598,0.009292914437938993,1.9432639931492353,Apnea
0.59,548,0.025704726643207988,0.8184190073265074,Apnea
0.6,569,0.0787901988292265,1.3689565375705326,Apnea
0.61,553,0.08646861920335402,4.641587664242885,Apnea
0.62,519,0.060848641265979136,3.379911377931777,Apnea
0.63,527,0.050683843182048265,2.4802391933994326,Apnea
0.64,541,0.01593040206189803,0.06357444993446759,Apnea
0.65,456,0.006310903307915017,4.962077002447351,Apnea
0.66,564,0.011764902847355863,3.3572746744732163,Apnea
0.67,457,0.022735730009609878,1.5846123867247246,Apnea
0.68,420,0.034167450189692083,4.396343299989191,Apnea
0.69,481,0.038090952551098727,1.2921581014590906,Apnea
0.7,468,0.034632176858900354,2.720082895913758,Apnea
0.71,530,0.023905533219726563,3.1803538186491256,Apnea
0.72,486,0.05097242467516982,1.1053168572686423,Apnea
0.73,564,0.08252861082328969,4.89198639400298,Apnea
0.74,448,0.027970353847147925,3.7409595298949876,Apnea
0.75,546,0.09423870191022332,2.7890661275553494,Apnea
0.76,514,0.08733366617238479,0.9029729908765044,Apnea
0.77,488,0.01617642113521096,0.26929103499013063,Apnea
0.78,484,0.07862759567570946,1.6002991626049172,Apnea
0.79,527,0.05745873823177666,3.765936679567014,Apnea
0.8,539,0.05665753621714186,1.3466564915101253,Apnea
0.81,588,0.03910427630581745,2.6977811024775256,Apnea
0.82,568,0.050115299918200976,3.639735883653716,Apnea
0.83,560,0.039717877742921105,0.5397185732323218,Apnea
0.84,577,0.053973261875994286,3.426490080579367,Apnea
0.85,516,0.06279500527726359,0.4593544385502235,Apnea
0.86,595,0.06743038064090484,4.825648710634983,Apnea
0.87,526,0.05324811925594262,2.441970650324698,Apnea
0.88,470,0.07214220673287318,0.7533805385493869,Apnea
0.89,485,0.01412780492755058,1.7119181801677326,Apnea
0.9,432,0.021198249090223855,2.067082246476307,Apnea
0.91,480,0.08187350040742702,3.7909250553826865,Apnea
0.92,551,0.03225279778464152,3.7171189303830463,Apnea
0.93,460,0.002289382497612025,3.059702526686655,Apnea
0.94,460,0.015379114966803109,0.5296535627924648,Apnea
0.95,497,0.022361443449631126,0.7578468579383679,Apnea
0.96,427,0.09573228878945872,0.46878460322778315,Apnea
0.97,585,0.057304142893084935,2.88586391643775,Apnea
0.98,442,0.09327307404762548,4.38569220755702,Apnea
0.99,568,0.0575163350496625,2.169002561273859,Apnea
1.0,566,0.04793544401378518,0.804240869788731,Apnea
1.01,485,0.03137276911940961,2.790211625744835,Apnea
1.02,576,0.060637094443337564,4.058761084328549,Apnea
1.03,416,0.013919802461752985,3.70856030756465,Apnea
1.04,497,0.0898261627292706,4.407253898375107,Apnea
1.05,597,0.08293324051412837,1.389510486244339,Apnea
1.06,597,0.03175314478767371,0.9697693363388743,Apnea
1.07,497,0.09527975276012944,4.3990824297096935,Apnea
1.08,464,0.08252007674155681,3.2878015638901155,Apnea
1.09,473,0.06663068858350397,1.5546446500377709,Apnea
1.1,484,0.01217619111252748,3.711740252862546,Apnea
1.11,404,0.04782340230480723,4.0755919224018395,Apnea
1.12,401,0.050610755484675085,3.074891201705662,Apnea
1.13,421,0.023255135836538012,3.4394205493995758,Apnea
1.14,511,0.007996539435930195,1.8762995222133316,Apnea
1.15,456,0.07767236304716928,2.6934783367151955,Apnea
1.16,465,0.012203505212439503,2.620795853630811,Apnea
1.17,473,0.05942907505617748,4.24023895565386,Apnea
1.18,497,0.09364491738836606,4.199819901410913,Apnea
1.19,543,0.08761051925980426,4.163402346735216,Apnea
1.2,511,0.027775262374926113,0.05515807131232897,Apnea
1.21,578,0.08514486375512653,3.7477274223444415,Apnea
1.22,524,3.3250612048940645e-05,3.793381950555024,Apnea
1.23,566,0.0017687809613257223,3.391894114275709,Apnea
1.24,485,0.060255316384286495,3.781323289457263,Apnea
1.25,475,0.036479821914452946,4.209851857483543,Apnea
1.26,487,0.03864608411591472,2.3515952705089282,Apnea
1.27,567,0.05644410906788825,2.5102510674422356,Apnea
1.28,437,0.01917824555918606,0.6235702845569524,Apnea
1.29,587,0.021175535066547835,1.926879415236809,Apnea
1.3,458,0.04846015870188647,3.2168258995589216,Apnea
1.31,537,0.0754253544343863,3.9019988807363726,Apnea
1.32,498,0.06194977514075877,1.0860454884560529,Apnea
1.33,591,0.02973550482368389,0.689114495796177,Apnea
1.34,462,0.043033717750892125,3.315210022502461,Apnea
1.35,448,0.017066475854999843,0.009399417624553208,Apnea
1.36,591,0.007462981433708171,0.8918629215366491,Apnea
1.37,431,0.07826960407441493,0.14535690171976867,Apnea
1.38,534,0.02653874091881946,0.8344255892743546,Apnea
1.39,420,0.01777663878512482,0.9065963996275261,Apnea
1.4,419,0.06916180555693194,1.938367973751971,Apnea
1.41,553,0.0618051674287186,2.0116356234327797,Apnea
1.42,526,0.06331896260134641,4.371312353051189,Apnea
1.43,467,0.022889460484661363,2.550548562494126,Apnea
1.44,509,0.023264553856268102,3.6170238280614315,Apnea
1.45,515,0.022080262978563914,0.5206867896014372,Apnea
1.46,542,0.017375259566229453,1.1271937773184693,Apnea
1.47,519,0.06557236725616564,3.514717204893384,Apnea
1.48,478,0.08480158852494014,0.26401980234264044,Apnea
1.49,515,0.07243174696766612,2.4329883112187654,Apnea
1.5,491,0.07920936337605433,2.996844828314669,Apnea
1.51,413,0.04047984290851998,3.010728220262405,Apnea
1.52,554,0.06540757953719982,0.11466405634021015,Apnea
1.53,524,0.03542362404447746,1.6105400211459275,Apnea
1.54,567,0.052550462196864,3.18245325524577,Apnea
1.55,457,0.04816348465348624,0.7449986807462172,Apnea
1.56,427,0.01768871451438544,3.477078241640266,Apnea
1.57,425,0.038707876033563085,3.7296260440683726,Apnea
1.58,512,0.09638222754823511,4.909845952230726,Apnea
1.59,590,0.024858025771494208,1.049209974282047,Apnea
1.6,465,0.013380373627948873,4.125653338330576,Apnea
1.61,552,0.04185806216239353,2.6014828845932705,Apnea
1.62,530,0.07903377358601482,1.8673129807208673,Apnea
1.63,599,0.05821482297799723,0.6118837866258897,Apnea
1.64,443,0.06809748272382446,3.6775280324376878,Apnea
1.65,496,0.01896948481746772,1.1792879957184355,Apnea
1.66,441,0.061894819300772154,1.8571100093652286,Apnea
1.67,405,0.03235003949114738,0.3127111344868422,Apnea
1.68,566,0.08343033659547676,4.006834579097595,Apnea
1.69,579,0.06292988060107362,3.832942619858217,Apnea
1.7,422,0.019885627777529592,3.6680791502115624,Apnea
1.71,488,0.0064616679844086145,1.4972175524594333,Apnea
1.72,522,0.004263320928703274,0.8674003713297862,Apnea
1.73,577,0.03714085676501407,3.1877663223511488,Apnea
1.74,570,0.02658511366543135,2.4808319205660974,Apnea
1.75,546,0.06460901234625081,0.8912623345232079,Apnea
1.76,596,0.04993338349786183,3.4295563552493187,Apnea
1.77,450,0.026601927800538074,4.955632159106519,Apnea
1.78,410,0.014923777795017613,3.7360979387101882,Apnea
1.79,411,0.01271997626874496,3.6999319334280587,Apnea
1.8,473,0.08646603921404178,4.751563764652959,Apnea
1.81,407,0.024347796840486727,1.014681837874511,Apnea
1.82,551,0.06517106479109684,2.827749824607202,Apnea
1.83,440,0.08106859279862663,4.898233575169417,Apnea
1.84,563,0.06140813111847361,0.8264705548508727,Apnea
1.85,484,0.08595652316469458,3.501259797222605,Apnea
1.86,471,0.03923937215284745,2.92905072985951,Apnea
1.87,454,0.09562221906489483,2.932395460943535,Apnea
1.88,536,0.013314500417809695,3.4883531376003756,Apnea
1.89,446,0.01021495296575381,4.648084614378421,Apnea
1.9,542,0.06586921462074435,3.91290969925669,Apnea
1.91,575,0.09428311414132617,0.28068051708105,Apnea
1.92,503,0.08088834616363282,4.263640099378556,Apnea
1.93,441,0.007641685943805144,1.1277066496286632,Apnea
1.94,459,0.02793677139347164,1.8845708236818597,Apnea
1.95,597,0.09303188848378237,2.308664068061911,Apnea
1.96,411,0.025305843280078455,2.4045300037653483,Apnea
1.97,529,0.07811704237869194,2.175901996276784,Apnea
1.98,406,0.08251321959287039,4.686766471079322,Apnea
1.99,479,0.049545210346098184,3.530095038320123,Apnea
2.0,530,0.038634890984831555,3.1558532297835318,Apnea
0.01,572,1.1529921362386304,12.114057544072438,Irregular
0.02,480,2.701840388797395,25.455166718706188,Irregular
0.03,480,0.5896771993652898,18.28998661511077,Irregular
0.04,512,1.5704482012097791,26.996566934028998,Irregular
0.05,495,1.8345266251701522,19.36948885661038,Irregular
0.06,471,0.19681244518050556,5.741705576618496,Irregular
0.07,546,1.1547100617928068,21.88550518867723,Irregular
0.08,462,2.224642180632415,6.121339200589216,Irregular
0.09,437,2.4790947716020226,16.264925474578348,Irregular
0.1,466,1.0081697849701188,28.23566736182785,Irregular
0.11,586,2.4159204899099787,9.130098483446254,Irregular
0.12,468,2.906492043599828,14.746808823538602,Irregular
0.13,412,2.584934414617773,23.24650772121196,Irregular
0.14,574,0.44116756566204307,27.05646390237119,Irregular
0.15,588,2.2452179630480678,21.773575118562697,Irregular
0.16,430,1.0270338140775797,11.45433135477923,Irregular
0.17,513,2.9664063692950218,21.865196322905405,Irregular
0.18,421,1.5075410511636727,12.41819102760225,Irregular
0.19,492,0.45505830524092894,22.960730745468382,Irregular
0.2,570,2.2030380892794335,28.850828189626014,Irregular
0.21,466,1.0367324753200202,23.034836277657206,Irregular
0.22,453,2.991526655536819,26.57201257281031,Irregular
0.23,537,2.9413691277781133,5.052596079397086,Irregular
0.24,441,2.002788652259684,22.93930311828986,Irregular
0.25,463,0.47649670195998095,25.73968892163126,Irregular
0.26,525,2.091896893257584,6.013968438617035,Irregular
0.27,420,0.36978841073407887,26.789943182205764,Irregular
0.28,593,0.18515606139693774,11.417355707751145,Irregular
0.29,568,2.4865794940423096,21.63230254945138,Irregular
0.3,551,0.7082835482826759,25.008871975585166,Irregular
0.31,434,1.1991786660353825,21.566612826483887,Irregular
0.32,583,2.923026430930902,7.307119801831431,Irregular
0.33,429,1.0768374553971995,19.90803797150921,Irregular
0.34,456,0.9598203657216142,18.739591418053593,Irregular
0.35,446,2.762803198906048,27.508031701856787,Irregular
0.36,562,0.42117049142497853,15.10599324110523,Irregular
0.37,418,2.302788989332432,13.027027427176254,Irregular
0.38,513,2.9653901432930447,23.746269110911655,Irregular
0.39,407,2.7137584312464815,15.316883152084916,Irregular
0.4,425,1.9898369642486353,21.152404375126576,Irregular
0.41,512,1.0107763054789227,21.161252253115173,Irregular
0.42,470,0.8375337454171184,27.200976609002947,Irregular
0.43,429,2.4758398041272374,19.967310057977436,Irregular
0.44,534,2.651483550459916,17.55384024904967,Irregular
0.45,466,1.6237612463825093,8.471783159912924,Irregular
0.46,464,0.8085858282807518,7.893440166967634,Irregular
0.47,435,0.4275353043924033,8.858039132076986,Irregular
0.48,424,0.35282045671231044,9.296212033177362,Irregular
0.49,436,2.1853245973261815,20.94692731659085,Irregular
0.5,400,1.3183443107584025,23.524531256864464,Irregular
0.51,542,2.725543635405824,18.249788073160467,Irregular
0.52,436,2.2450467721076146,25.725443313637275,Irregular
0.53,540,0.6546552119523014,29.78158066834083,Irregular
0.54,535,1.8799545145655272,25.5003157279839,Irregular
0.55,532,1.3629658177546622,22.37205934189898,Irregular
0.56,587,1.774024219228978,18.312317485928666,Irregular
0.57,527,2.2404004576817,16.221326791867703,Irregular
0.58,526,2.437968054910993,7.109809513613559,Irregular
0.59,400,2.5468382465795005,14.984218709867273,Irregular
0.6,563,0.8365271362588717,27.753365919553357,Irregular
0.61,434,0.1902352397603373,25.200565747663823,Irregular
0.62,593,2.2439547319778423,10.401284125292179,Irregular
0.63,590,0.40839680614174634,16.665194617430394,Irregular
0.64,503,1.0132668069776063,25.418080063963615,Irregular
0.65,422,0.11106968896060672,6.6846138696380635,Irregular
0.66,408,2.076841498964698,14.684814641716482,Irregular
0.67,433,0.5846828332665416,26.29603092184869,Irregular
0.68,573,2.0003189881058088,15.097446604253093,Irregular
0.69,527,2.9760535897867326,6.940366118286022,Irregular
0.7,403,0.31074552766904723,18.563359213306285,Irregular
0.71,557,0.323526234659236,26.543562372957386,Irregular
0.72,501,1.0871022687333571,19.757138573828993,Irregular
0.73,474,2.612520891328892,10.656977705355796,Irregular
0.74,498,0.7250366194948623,14.605990503434533,Irregular
0.75,471,1.145095677798008,16.253084029548305,Irregular
0.76,402,0.2986656792182407,19.48165884551317,Irregular
0.77,541,2.3131503446507793,23.983775643815328,Irregular
0.78,587,1.2840883940024082,7.471840441015885,Irregular
0.79,572,2.3018213258764444,27.241300825439158,Irregular
0.8,433,2.720462748605706,5.30774257540189,Irregular
0.81,444,0.7750131265937373,14.251308366856382,Irregular
0.82,460,2.4414484879858587,5.685507749316441,Irregular
0.83,482,0.27137228122693446,14.824355633632281,Irregular
0.84,522,2.7066574257227174,18.145314971833095,Irregular
0.85,501,1.9872287879203674,17.792034664537795,Irregular
0.86,415,2.6352575000012197,9.140708675706634,Irregular
0.87,465,0.10054635871408751,21.143512752390308,Irregular
0.88,567,0.5903351040323783,6.1194612626167055,Irregular
0.89,544,1.230302223536827,24.047670503310385,Irregular
0.9,518,1.2005584197866839,28.666110849838656,Irregular
0.91,561,0.7575181104781809,13.494220678777948,Irregular
0.92,523,1.2066746256148804,17.930984542858297,Irregular
0.93,543,0.473661264800739,14.472756951470359,Irregular
0.94,501,1.2970072748714756,5.167759757601499,Irregular
0.95,587,2.426827554561866,14.646862572377898,Irregular
0.96,465,1.4893031829997185,24.793006481533663,Irregular
0.97,593,0.15220025794112346,19.899721054587047,Irregular
0.98,412,1.3221877205798176,7.531497865378974,Irregular
0.99,583,0.17880754666344806,26.178487242344627,Irregular
1.0,510,2.9021058910497146,18.27713362213107,Irregular
1.01,558,0.46961648232632003,26.043084043616904,Irregular
1.02,433,2.152296146358794,19.505537969625735,Irregular
1.03,438,2.9210513363870487,18.992211120948497,Irregular
1.04,594,2.4955132498330586,7.63147962992531,Irregular
1.05,535,2.128014587865991,9.1839933284657,Irregular
1.06,519,2.5344366375522243,29.300631412414777,Irregular
1.07,525,2.94721621045582,10.71216866886927,Irregular
1.08,454,1.9018990420352357,29.4363029497592,Irregular
1.09,426,1.721635939805047,18.297817663106585,Irregular
1.1,517,1.921890520343516,8.394726176598429,Irregular
1.11,452,1.6447600716085096,7.4825550688423235,Irregular
1.12,438,1.9417584071381846,10.221601767643499,Irregular
1.13,464,1.404542403120422,28.140933250633395,Irregular
1.14,544,0.7334852303615905,15.35375560820567,Irregular
1.15,557,0.4487169568838594,14.88585669982286,Irregular
1.16,580,0.29818871304355515,12.830156526754351,Irregular
1.17,412,0.8636157728842802,8.67654626416471,Irregular
1.18,420,0.23375833657362813,17.19627992981016,Irregular
1.19,546,1.7447952617662181,8.251194562778467,Irregular
1.2,452,0.9231024963682087,25.88700590955819,Irregular
1.21,418,2.4911509434523933,14.259924656882662,Irregular
1.22,456,0.3152985316663207,14.370089194544908,Irregular
1.23,424,0.7564193335903092,16.850160712078896,Irregular
1.24,430,2.217713826561423,16.10319282914379,Irregular
1.25,480,1.8365440595121252,29.871449326483038,Irregular
1.26,582,0.28702468662258585,18.634528030457563,Irregular
1.27,422,2.6439944257703814,7.205042594746767,Irregular
1.28,431,2.6440591121959205,20.17193353942325,Irregular
1.29,589,1.0581832112397442,8.789607321746999,Irregular
1.3,473,1.0871769457137377,5.773441118283549,Irregular
1.31,409,2.9681822392155044,29.268553841931205,Irregular
1.32,599,1.915910897620101,24.3384722883641,Irregular
1.33,453,1.6408179096473714,29.502724810344173,Irregular
1.34,451,2.530641332300581,16.94696120055606,Irregular
1.35,547,0.9273419812362176,18.306438278724404,Irregular
1.36,559,1.344629520849435,9.208423897978257,Irregular
1.37,513,0.876552358916169,11.17268566668964,Irregular
1.38,413,2.388566455107321,25.963730372570705,Irregular
1.39,577,1.7627131023421323,13.904641177939855,Irregular
1.4,555,2.0105927034062043,25.670374344910474,Irregular
1.41,509,0.831691024534279,22.725343107175796,Irregular
1.42,452,0.7386533739942138,9.429273131796638,Irregular
1.43,551,1.5162864240505223,17.686159152993554,Irregular
1.44,478,2.2389406723691976,21.934683037967922,Irregular
1.45,421,1.6231952968084644,10.875930370095627,Irregular
1.46,429,0.19467246488243894,25.767212763001922,Irregular
1.47,590,2.6187993683288373,18.62069143862967,Irregular
1.48,403,0.28759199119388157,9.13105126106508,Irregular
1.49,458,2.8718910027901816,19.574610654115062,Irregular
1.5,407,0.1729116790040909,29.99284510389785,Irregular
1.51,411,2.1139063227790555,8.763037291585338,Irregular
1.52,518,0.33840048476416684,25.418923252988204,Irregular
1.53,558,2.740962080361905,10.18272507968895,Irregular
1.54,433,1.446856385054074,24.559708236502182,Irregular
1.55,481,0.4988189469693446,23.36444807803533,Irregular
1.56,497,1.0883655293905552,12.51223464001081,Irregular
1.57,526,0.5779915585056099,13.145577939111245,Irregular
1.58,474,0.5946875435155611,24.81303479907298,Irregular
1.59,504,2.8495141284971823,16.536137797182818,Irregular
1.6,448,1.3912137256258856,23.27045071779522,Irregular
1.61,478,2.3875265653255426,8.699603684145869,Irregular
1.62,584,1.9548561274152774,26.31394454753884,Irregular
1.63,492,2.0616364507813376,22.77211791705798,Irregular
1.64,553,0.4819109715689117,27.673570220870847,Irregular
1.65,417,0.7791348957649084,8.309309475874311,Irregular
1.66,495,2.3815759719478673,19.825362509014944,Irregular
1.67,437,2.9152219987768704,19.97801462600813,Irregular
1.68,486,0.86175936353609,13.836518513669562,Irregular
1.69,487,0.8875494177780155,16.461660614231445,Irregular
1.7,449,1.471401685151624,5.9495390822463365,Irregular
1.71,407,2.95313690728077,23.6465009656753,Irregular
1.72,568,0.879980942896766,18.733061985079352,Irregular
1.73,533,1.2802185379393654,6.4435262967293445,Irregular
1.74,468,2.6852920453081697,22.018897324012137,Irregular
1.75,571,0.10847099460194982,16.669551930779697,Irregular
1.76,520,0.2153212984668517,5.861531485625,Irregular
1.77,463,1.8518078635065358,29.240193171202385,Irregular
1.78,556,2.731402477667256,28.727803577236013,Irregular
1.79,555,0.7926843151655901,17.822560403679937,Irregular
1.8,538,1.461961146574056,7.341810517647755,Irregular
1.81,520,1.406349374807673,23.865530539964794,Irregular
1.82,464,1.4716169036769795,17.298277502643224,Irregular
1.83,506,1.905307117616261,12.561186957234497,Irregular
1.84,546,1.462256912672983,17.285454438213918,Irregular
1.85,536,1.3976576098351277,18.06110363513661,Irregular
1.86,554,1.4754364192506555,19.06779247555848,Irregular
1.87,561,1.8135155796860205,16.03059284138316,Irregular
1.88,571,1.6573217162189393,20.143882578476415,Irregular
1.89,595,2.5769943931864625,27.968367765159435,Irregular
1.9,499,0.2435408751316332,14.056702177464778,Irregular
1.91,481,2.516619507271736,23.142911580498726,Irregular
1.92,542,2.5473813765739997,27.361313920605806,Irregular
1.93,450,0.9262332624397864,16.399481893998423,Irregular
1.94,540,1.4422706695459668,16.086395909547605,Irregular
1.95,482,1.371761616758563,20.052924633869488,Irregular
1.96,576,0.7336785196269778,19.7851689855622,Irregular
1.97,597,1.2507108565503178,25.164733558156925,Irregular
1.98,511,0.22872453929547787,16.91208459445732,Irregular
1.99,455,0.9056840110670298,29.903073740986027,Irregular
2.0,578,2.4683783088070825,6.486789221682019,Irregular
