Sensor Value,Category
1.014219833491175,1
2.1755797767325027,4
1.7063553633159645,2
1.69011803586409,2
0.457994717917254,1
0.4979338855991699,1
0.254083832986879,1
2.334836599429802,3
1.6962118772533366,2
1.7063452763899631,2
0.13566821287148292,1
2.384662089155429,3
1.942654371754048,3
0.5513867056615209,4
0.521407071802436,1
0.5708242486050056,1
0.8411697786580774,1
1.3085129376351843,0
1.1717551698620434,0
0.7561291249115383,1
1.416113559638341,2
0.457772657029849,1
0.8209744405992084,1
1.0306413594410928,4
1.0844139873575205,0
2.1182198492853117,2
0.5930634004263569,4
1.35107859404136,0
1.5597223714733963,2
0.22689513133380546,1
1.5851989316556672,2
0.5175028208917041,1
0.2812587474956512,1
2.49939151315321,4
2.3896157395056217,3
2.124777984200451,3
0.8126615321567154,1
0.3162795556306361,1
1.7759055425331534,2
1.2553930277018872,0
0.4266128401996933,1
1.2476859590006988,4
0.18354285782411664,1
2.1507383098448547,3
0.7925490945403465,1
1.852676481581767,2
0.8734664841034959,1
1.430243220485176,0
1.4728534588953992,0
0.5537797993340233,1
2.210197946856408,4
1.9425835143383272,2
2.4371147278227787,3
2.327389142264998,3
1.4960096093117579,2
2.5167805457004233,3
0.2915996694858176,1
0.5703998724734011,1
0.21650709199911886,1
0.9155199532789818,1
1.0635291160825375,0
0.7174752841865377,1
1.9453351876122298,3
0.9822054292382253,1
0.7896196134006077,1
1.3125318458795352,0
0.4561972788995696,1
2.0071149650598197,3
0.2882799535058079,1
2.6350887080914736,4
1.8243577780136642,2
0.5214348745098482,1
0.11957492666691884,1
2.102239305920784,3
1.8681864306635114,2
1.9747086551223536,2
2.069208616190306,2
0.30330732954354717,1
0.9672195673093864,1
0.3772158154059277,1
2.1288388490288916,3
1.4853795375795933,2
0.9071396874803237,1
0.2412773874505992,1
0.9176729327478844,1
0.8950888747562485,1
1.8854252808839504,2
1.58283936861377,2
2.0295596064698156,3
1.1178142559564532,0
0.3810919288350039,1
1.6612516392151642,2
1.9670390875986392,2
1.5573238355380106,0
2.0996826112233644,2
1.3259875825869096,0
1.2763280982968308,0
1.207852477458944,0
0.17343856871639157,1
0.33716282723848023,1
0.18376037946112508,1
1.5579020108128634,2
0.9061728211356591,1
1.451897115558444,0
2.064024389762733,3
0.7537975740590518,1
1.11152785483667,0
2.0944694777873196,2
0.6445730235946048,1
0.3045356501546085,1
0.7257888302398895,1
0.4708895390908184,1
2.1293937163663874,3
2.2333803208803964,3
1.7228792762897018,2
2.3460273330937644,3
2.2065228942214707,3
0.5023147228762852,1
2.1908403170656654,3
1.274789756148072,0
1.919983948204449,3
2.128800208481251,3
0.8578749573189725,1
0.34727017635298146,1
0.5954074145984775,1
1.050240284579838,0
1.9176847267733073,3
2.370666936505676,3
0.12273622838307849,1
1.4498245506769052,0
1.088507784978752,0
0.6049975909537846,1
0.41080515690019903,1
0.8786450193737315,1
2.2681725422884322,3
0.8288388298380917,1
1.2454739166453532,0
1.7001934416264368,2
0.9445646299591868,1
2.516917420600376,3
2.1990408282325933,3
0.6635008196430269,1
1.3733344277893806,0
0.7640542852964964,1
0.7589559929929076,1
0.20227840622545362,1
1.455087200789261,2
1.197404661309232,0
0.22285769984312556,4
0.738373454192937,1
2.308750287695546,3
0.7159590709102884,1
0.415254507551327,1
1.2952598334069814,0
2.46827752691957,3
0.6324609764254917,1
1.7556103026599787,2
1.8406079341662107,2
0.668699101074786,1
1.6933505442440473,2
0.9747363346865877,1
1.554923609542542,2
1.7249532062788164,2
1.2630662166803042,0
0.31154010702171825,1
2.087227897019472,3
0.9090174600697963,1
0.5557810602280353,1
0.20447727770033897,1
1.602263153912159,2
1.8511981247126037,2
0.1346063466798722,4
1.3391299524933673,0
0.6873678826248757,1
1.8097783845301987,2
0.5588709796545438,1
1.713052019657879,2
0.96548101785249,0
2.343170386124782,3
0.45083386007572906,4
0.9171940927726053,1
0.3710839754449552,1
2.4761538579935527,3
2.1444764826456617,3
0.7708026915634038,1
1.65257428112242,2
1.9905195173328318,3
1.4193002235137322,0
1.4431328152838743,0
0.6295484508688202,1
0.30380820564919825,1
2.456767553088327,3
2.1142604345044944,3
1.6413796103805574,2
0.9281649720386976,1
0.9361563144583613,1
1.895626279153147,2
2.1313210546012074,3
2.252484335343385,3
1.9212940780402608,2
1.6939311344407852,2
0.2802704163747974,1
0.4948252585200766,1
2.1144906721691594,3
1.4865687104848644,2
0.11520534045325827,1
0.3217406473644003,1
1.8026511653281654,2
0.10734131620947324,1
0.5274505717156193,1
1.5501346152154498,0
1.785639976789911,2
1.5458473151597794,2
0.6222325177355549,1
1.9169633676121085,2
0.6516441388333485,1
0.8081950731438596,1
1.9130620055169985,2
1.7736382671971618,2
2.2646823684866058,3
1.5692246628224717,2
1.5145240763202008,0
0.3066623129049633,1
0.927144697524126,4
0.7915853834846944,1
0.6512509953497458,1
2.3199161195984903,3
0.9392274393777892,0
2.4070390499087804,3
1.7092251850813285,2
2.0586708961032056,3
1.3717149096544237,0
1.3812577185569757,0
1.2713562808584389,0
0.5516643402188676,1
1.6848916433729957,2
0.7717070748749376,1
0.17168384422511623,1
1.4974327262824183,2
0.5031662891856544,1
2.2192295153548707,3
2.2642926106545405,3
2.4832010966467055,3
0.9820688933541224,1
0.13617183734360447,1
2.449286721867388,3
1.0497201385863841,0
2.4138080695093675,3
2.378903179041633,3
2.1888404599112383,3
0.8872737169105354,4
1.0794303219272043,0
2.0989588078217043,4
0.9169920830789875,1
0.47340673821066687,1
1.3014418657542786,0
2.2080530332134516,3
1.713962153310476,2
1.4712536292730252,0
0.3408963340408137,1
1.705441690459511,2
2.481009200486551,3
0.436312924222342,4
1.223097281373453,0
2.000526685393396,3
1.8970587750995298,2
1.7509179203995011,2
1.9071144474242463,2
0.8974406649939833,1
0.728176925494588,1
2.0216494485041476,3
1.9369390923336358,3
1.984517735468187,3
2.3947231783927876,3
1.22412131304,0
1.331881014506843,0
1.9276316986634332,3
1.5515197754213934,2
1.7417985208602402,2
2.1310777248674384,3
2.1877567912739995,3
0.9568880543488809,1
0.9263915502947471,0
0.34331716584495764,1
1.4095904125860492,0
0.19286975768313938,1
1.2334522001652715,0
1.5227090952302686,0
0.7699478170101013,1
1.3862875918482562,2
0.15654408818593998,1
0.20203246032773306,4
2.0845028820525218,4
1.0175497795797612,1
0.383436613048072,1
1.311451593548044,0
1.7649144501497154,4
0.6750081913662218,1
1.6484848938338297,2
0.33124503665030586,1
0.21352867529678185,1
1.4059092069045804,0
1.447415900221448,0
1.5703591048361483,2
1.9709057530268643,2
2.660442672812912,3
1.4421943373065222,0
0.9169368237039103,1
1.9190567940644365,3
0.717239922772185,1
1.2604315464215592,0
0.26005877809882927,1
0.16779175683149836,1
2.5097815383583955,3
2.1580377683181133,3
1.943869766772919,2
1.0407970751578592,0
0.49939446125894105,1
0.4354103426671236,1
0.6925680254818825,1
1.350370475757316,0
1.7581786409727589,2
1.7971891806879174,2
0.8390663438678656,1
2.2413516973983643,3
1.8232466508706993,2
1.5530766200563455,0
1.4307015495742612,4
1.0167854974197246,0
0.6477123760688318,1
0.9725074058965039,1
1.7846937601741826,2
0.1471397813360776,1
0.3745398347113231,1
0.21047021854877407,1
0.18772951812672004,1
2.1406002741574888,3
1.8467043992347827,2
1.3002095124568325,0
0.35180109319484343,1
1.299816326149125,0
1.336316855948646,0
0.5484209484153735,1
1.1999148797429526,0
0.9625186872831195,0
1.4224069520167184,2
1.5308147115256825,2
0.215556067089551,1
0.981326285261131,1
1.5707935179421524,2
1.4080985702173499,0
2.326108745083301,3
1.8184183686776267,2
0.47276386541997933,1
0.2796577433223357,1
1.566819452831689,2
0.15350221934031533,1
1.4108814335094377,2
2.2821362407549697,3
1.4603895403343412,0
1.0998897736639008,0
1.5189201471099771,2
1.25618006946508,0
1.4183473107003552,0
2.259446289161476,3
1.0251719812833715,0
2.3105551730936695,3
2.316517352529908,3
0.562358270711074,1
0.24858214352856578,1
0.3156516689054717,1
0.14507471788231324,4
0.3529538040689007,1
1.684937990560494,2
0.28347450055665024,1
0.8930071105375063,1
2.3113446889781377,3
0.16585779392332753,1
2.0820954477850795,3
0.8008367713627599,1
0.4141594443359933,1
1.7365552539100635,2
1.5537093356168021,2
1.9901092540875152,3
1.985919881314531,2
2.150453328461934,3
0.7154244640914736,1
0.5339380712432483,4
1.887777820932604,2
1.8811109573468707,3
2.7153062493360114,3
1.0280700126751805,0
0.9069096677832491,1
2.0006356060449257,2
0.9617810025733013,1
2.1155792402612406,3
2.2287626748100995,3
1.1368809537387095,0
1.7511653861972982,2
1.7857478833023244,2
0.3522214619624662,1
2.173831074934788,3
1.427672838103382,0
2.2163168396031354,3
0.9520778225315104,1
2.1411433989915336,3
1.1312307703024707,0
0.12427731453918016,1
2.203601326769009,3
0.29039240807493283,1
0.7888601222367503,1
2.4715517899707407,3
2.361419093225281,3
1.3955063906342509,0
1.6532538420309861,2
1.118128173434234,0
0.8161844711300527,1
0.8637679991082545,1
1.8249608641897377,2
2.0279289329294685,2
1.9907308168108653,2
1.9355578747365147,2
0.310128858276168,1
1.365275726887345,0
0.22995752125641622,1
1.3363079720001687,4
1.063348043107369,0
2.215631906202951,3
0.9388290170321106,1
0.40693541312281667,1
0.4184717479662465,1
1.8817446646183404,2
1.68140922607185,2
0.36487522398589517,1
0.2948901591425427,1
1.767755052978368,2
0.2638264483025412,1
2.2517550373167747,3
1.6580758799035358,2
0.3208488555999315,1
0.31477527138708694,1
2.483518592457777,3
0.9049452997297709,1
0.9847114384643225,4
2.012882419358478,3
2.2125841627282936,3
2.5435563622579087,3
2.087908974245413,2
1.0154983669078714,0
0.3133041708039832,1
1.7955404553452319,2
1.4164554915562053,0
1.032340388254079,0
2.3265782810143882,3
0.39904749447324545,1
1.323789775666269,0
0.11647849103716966,1
1.1891849946415407,0
0.23751033605064992,1
0.3777068408570018,1
0.40755759806374303,1
1.7624562210295225,2
1.9327911913867781,2
1.4621202676410578,2
2.2913247039220495,3
0.920888738307575,1
0.7629073676700109,4
2.1467005855878543,3
0.6590168426461702,1
2.4880219827901655,3
0.1180648493750619,1
2.376853199723029,4
0.19062685591130846,1
2.085081809686219,3
1.4559332043647484,0
2.255620024570072,3
0.27263268034049504,1
1.334406278813344,0
2.6104018449485675,3
1.3708977656456323,0
1.5240313866644042,2
1.7706560146010308,2
1.24603390971768,0
1.75329966828226,2
1.4183565163764973,2
2.437548043401744,3
0.22723141908188027,1
0.8387995112256562,1
2.4454715416587716,3
2.2947053154081276,3
1.1704711096273184,0
1.6684958664974383,2
0.7705072980003362,1
0.571061875516128,1
1.1955218311146727,0
0.9919391763912918,1
1.5981663952924672,2
0.2662994622142786,1
2.6009205260734696,3
2.4867873362429482,3
1.8979850519194033,2
1.3675794386624902,0
0.822475739886108,1
2.2235409533062693,3
1.656594763064747,2
0.524032783248416,1
2.278918728686371,3
2.0799364245645,3
2.2883690889061157,3
1.8686315761083656,2
1.517236002195287,2
1.0020739430145456,0
2.2319099025374354,3
1.9634774185781356,3
0.22847457630461918,1
0.17849024849547188,1
0.9824694953945714,0
2.1387466541496685,3
2.393307492327919,3
0.47677534616360806,1
1.619125695289216,2
1.1047525578064177,0
2.3793417360903355,3
2.241265259504885,3
2.013117588899547,3
1.3449816200548064,0
0.9916565884493812,0
0.7718341925297743,1
0.24280758148375742,1
2.2571460706131363,3
1.8952482597532505,3
2.7185278794603818,3
2.333034720138951,3
1.4682181049335183,0
1.8376591875759127,2
2.276157125266774,3
2.1590301302622597,3
0.682147928204616,4
1.1010304226156524,0
0.3830005267427392,1
2.3506002176931045,3
1.6348248215947834,2
0.7003780677515734,1
1.5696801635540425,2
1.5496536183547147,2
0.8828704095407786,1
0.3365206657954939,1
1.767140890670923,2
1.3763739831405215,0
1.8219013851310462,2
1.2766074519597361,0
1.940883784114522,3
1.5200079908292035,0
1.5835554940320091,0
2.0432814961317574,3
1.0109827109935154,0
0.4527035322877437,1
0.1834995884499836,1
1.8815896296351071,2
1.4459538498384488,2
1.6249129324712723,2
0.6201523471288858,1
0.4181385386055682,1
0.12218956158442933,1
0.9570850704152049,1
1.3676486861330772,2
1.10123871827244,0
1.1054216921298032,0
2.0612597594196824,3
0.9523493543864802,1
1.3062856772040594,0
2.168464897101245,2
1.060999447911089,0
1.5213989203872198,2
2.260555666794369,3
2.2701322698261217,3
0.4895988847024129,1
2.2655858253181433,3
1.2938562181286384,0
0.6550882465277391,1
1.1841664567151524,0
2.6150744574167466,3
1.3606691050162116,0
0.8399874913695138,1
1.5314027915705257,2
0.7192713419725948,1
0.3063526550162229,1
0.3761866604795703,1
0.4032416902487648,1
0.4494638062435598,1
0.46530056596610103,1
1.5016538710910723,2
0.50551531119394,1
0.9765404680308329,1
2.050168712424205,3
1.2356604315088948,0
1.6824302025814282,4
0.4965584500599423,1
0.5496542501467432,1
0.19927083335001547,1
0.47121217373986546,1
0.7796842621895388,1
0.5568848766213115,1
0.3291662277680864,1
0.36256308722238895,1
1.1212772020080841,0
0.5676043580608167,1
0.9471781417789302,1
1.284249741822545,0
1.8200913070731428,2
0.17711738065635785,1
1.8307244214800285,3
1.572221834215918,2
0.3079025085702922,1
2.0619094056914706,3
2.375471485144894,3
0.23474244688288687,1
0.8235394123490434,1
2.1959196253337954,3
1.8189617304010017,2
0.5135358442139504,1
0.5917515978027469,1
0.9378032899647165,1
1.306394329812476,0
1.6870964479474355,2
1.0195054806234434,4
1.288581531846688,0
1.854912319493209,2
0.17511447709071187,1
0.739440138204712,1
1.7614738783165045,2
2.3255167775977568,3
1.267107705788993,0
1.261736945229443,0
0.3924041343756731,1
1.0930802559522927,0
1.5129177576196808,0
0.7470234340742656,1
0.7900322134483334,1
1.0375413749305422,0
0.1504766224047286,1
0.936910594829107,1
0.5818931623413137,1
0.8802667971550271,1
0.3966801464331333,1
2.1975273773598194,3
1.5025107406679408,2
1.6711293028678347,2
2.019626762110152,2
1.3871485145335778,0
0.2901865040725293,1
1.5097460381459442,4
1.5654633531872617,2
2.011190896861472,2
1.1487492442676717,0
0.42890025693180195,1
0.7054866600381012,1
1.0332523018158315,1
1.4984286814006624,2
1.5844921647781465,0
1.0485608324061912,1
2.3660032637297688,3
1.4638347099484776,2
0.7048681911806585,1
0.32727241805461627,1
0.5009953662865814,1
0.6354671117208361,1
0.4493054240514653,1
0.6002529510833913,4
0.811494285243996,1
0.5519020941213024,4
2.173106643203848,3
0.302887441669129,1
1.384439009177474,0
1.1073349785386355,0
2.5474310026393745,3
0.3744532649982323,1
1.0398876769889662,0
2.3179740589167834,3
2.2941690755418005,3
1.9481439456815943,3
0.7466260563196597,1
0.48292321311382835,1
1.7474748920458942,2
2.445665671523173,3
1.3554325799025868,0
1.3423291639543071,0
0.7149758738973632,1
1.9880536592883882,2
0.5872675722179709,1
0.7970380646921631,1
1.1735463871774627,0
1.2764280966963542,0
0.6788555577854674,4
0.4078250274734073,1
1.5128787798380268,2
0.7872177528870598,1
1.3495655229297832,0
0.43110142338414,1
1.1941554683878484,0
1.2480704475122564,0
0.23027199523735906,1
0.8944864133697571,1
0.4266644112061059,1
0.2356956448587842,1
2.3748539940547104,3
0.9022742531338651,1
2.2338863815420464,3
0.6471944666775228,1
1.8711172488952093,2
1.954139158707985,2
1.5490863945103477,4
1.2318514714989288,0
0.9946823316882762,0
0.8604034798720104,1
2.3779124984349824,3
2.026896359459464,3
2.6176939052716226,3
0.3908720894228195,4
1.7218048594373618,2
2.4530215698323947,3
0.512849854564858,4
0.26091341440395255,1
1.953022835979582,2
1.5971124194829234,0
2.244300867043614,3
0.45081311994899137,1
2.0808052831920665,3
0.635981144636557,1
0.47265173690698437,1
0.4449240513543139,1
1.961253595273719,3
1.6007553795641853,2
1.3992257476305603,0
0.9868976969685772,1
2.2465030258233423,3
0.9410661376084004,0
2.1540878307141402,3
1.1131972898525024,0
1.0378318794875598,0
1.2241283478600902,0
0.7974107552066755,1
1.75582081674813,2
1.2005482469836746,0
0.7008925625134396,1
2.4480092260816253,3
1.0519358040163316,0
1.2931293786566451,0
2.2309450048009714,3
1.6713479969763863,2
0.40185276166350364,1
2.1757324756934047,3
1.4458592645951516,2
0.9421182422108665,1
0.42179826696869027,1
1.9071750374580987,3
1.4334538396270897,2
1.391431728336156,4
2.4030329122373018,3
2.175011719073279,2
0.4701211019599756,1
0.850585988457465,1
0.6385827519806864,1
1.9039007531726004,2
0.1761456199684483,1
1.4991844892102753,0
1.8869514227084925,4
2.0897490445873066,3
0.8463891086912848,1
1.9943561020207239,3
0.3360296017338037,1
1.9937476072874283,3
0.445541833550739,4
1.0417122341973188,0
2.026343694833185,3
0.49415992195809766,1
0.7146474602664236,1
1.863736000401812,2
1.9423335967071245,2
1.5820340901653216,2
1.6968853801622483,2
1.3752463053998727,0
0.7286177265001624,1
0.963546027966604,1
0.5160343025415625,1
2.1130044335347926,3
1.5398628996142691,2
0.9830965872128127,0
1.227790496195882,0
2.4652967261510854,3
0.4868223435440681,1
1.583345637222906,2
1.4121301906430623,0
1.5674773091047784,2
0.15007095543115906,1
2.2453688642405547,3
2.1906141290215455,3
1.3181701434294357,4
1.6956050828519023,2
2.287634531039537,3
1.839469328380428,4
0.49871647104455114,1
1.3929929509842112,4
1.4395785103537122,2
1.221539719478804,0
1.7210734607497462,4
2.332403984232665,3
2.361089350296757,3
1.1917955243868432,4
0.34099103656079044,1
2.2453555061317294,3
1.9466046610878727,3
0.4060235918370707,4
2.3305080383449295,3
2.0712494849309087,3
1.382278404616627,0
1.616301460666901,2
0.9606406759098045,0
0.23134137651295655,1
0.9387186256090179,1
1.926443047882847,3
0.10684487671426846,1
0.9208618804479792,1
1.1396173509307652,0
1.4758929053997272,0
2.3460206272601574,3
0.9741082783188635,4
0.9074720010979055,1
1.9227241874237473,4
1.177305910170345,0
0.5994222149830105,1
1.2337013003648756,0
0.4430037931339109,1
0.5085312889582208,1
1.4027085724562998,0
0.99950717395222,0
2.2110468204143063,3
0.8838029163808463,1
1.5730190613097286,4
1.6828133963572225,2
0.12699373168249853,1
1.7519512231200756,2
0.5163121450676333,1
2.5299072358391945,3
0.45260485265906064,1
1.0758854398306625,0
0.33134374761408725,1
2.3683115251885765,3
1.2061844346293094,0
1.5547760412503855,2
0.28548059986410573,1
1.8534863480785744,2
0.5508873109173913,1
2.182846354891982,3
0.5930378426118057,1
0.5199447667138622,1
0.19365496730344325,1
1.355701752124401,0
1.441568935392234,0
0.25021342309782546,1
1.9223171662002612,4
1.0964601555982596,0
1.4626748930121802,0
1.13810710030246,0
1.0378922334094298,0
1.4892277768780975,0
0.4670978605769336,1
0.5525367447361871,1
1.9781035612554951,3
2.5194244590325376,3
1.0836856682736056,1
0.7720956924760995,1
1.7952055426182187,2
1.0056043253751947,4
0.16020038346434623,1
0.4844331136065419,4
1.8480582436058548,2
1.648280683549443,2
0.15968618365328138,1
0.5855090234120429,1
0.6404068770392035,1
1.5970010407172335,2
0.1542099514274352,1
0.3294868802296211,1
1.8414767687878866,3
0.5340423649889865,1
1.698332455443382,2
0.7215969136145821,1
0.3438734510735057,1
0.6624869909844701,4
1.944551495837305,2
2.171021024505893,3
1.9164541453986095,3
1.0671117661173894,0
1.8424084389858502,2
0.5796865054731682,1
0.7708218867992411,1
2.0906812274767126,3
0.12205822510617546,1
0.3011165701669401,1
0.6103880585959222,4
0.14994854256620122,4
0.5825180087327798,1
1.575804099910289,0
1.1306740137876303,0
2.389711076981579,3
1.8887449395757938,3
0.9160983223612701,1
0.7414177214777427,1
1.077732604143914,0
1.6026959641104341,2
0.7102095012540343,1
1.7388589228640108,2
1.0012522310256915,0
1.531819805586428,0
1.2547094524321396,0
0.7546286215252077,1
2.4818265186131643,3
1.7549601084292568,2
0.4280193543463786,1
2.191436739608614,3
1.2903160998841787,0
2.44282903489007,3
2.0892299244543833,3
1.1163167531235474,0
0.16345976895067235,1
0.8119393438950937,4
1.2661080815749373,0
1.776718176984836,2
0.6594220039495713,1
0.46177193286381435,1
2.0114047879763097,3
2.281408916276779,3
1.3452772464535325,0
0.5267723117461914,1
0.7355961318387689,1
0.13129684699989772,1
2.3399562151571454,3
0.413394706788427,1
1.4489862810563638,0
0.7147437532524179,1
1.413604014526109,0
1.5131574319473127,2
2.225432614864855,3
0.634272437351839,1
0.12861446429746043,1
0.4159356802144863,1
2.395549503652599,4
2.22136934184611,3
1.6337738825229702,2
1.5817623871636388,2
1.7925633620368018,2
0.5311591852704997,1
2.255186483798001,3
1.2062598064435401,0
1.0279158436666689,0
1.3736800327185816,0
0.20082684029300432,1
0.5116220463484936,1
1.8980802816185587,2
0.27988798978029916,1
1.4112515384579147,4
0.7032151933953702,1
1.0888573561668806,0
0.796575793692295,1
0.9015038011909997,1
1.8865143457989197,2
0.7448095727205634,1
1.4423938942442476,0
1.1588661932179587,0
1.5859805718262463,2
2.208565309999933,3
1.8160694550116814,2
0.5605714592577433,1
0.17126557491654976,1
0.7311416676276636,1
1.5230811422600465,2
0.21818423133503195,4
1.3788655714119542,0
1.4237209421302937,2
0.9032132417034409,1
1.7793688614554621,2
0.32531617445959304,1
0.28447204888305144,1
1.8720488432450848,2
1.3866497441194552,0
1.7724466059067168,2
1.248747691801028,0
0.6289615733983954,1
1.899754754313704,3
1.8345285515451126,3
1.656031277599945,2
0.759364832373489,1
1.560707203660677,2
0.8785137455609628,1
0.3483210043738183,1
2.459054902268573,4
0.41093990701475847,1
2.1792627426032363,3
1.0931401064487483,0
0.5037067783032345,1
1.2950393683865047,0
2.2032188473139365,3
1.7629301990083497,2
1.9779884325234043,3
1.8456596131173004,2
1.8263963286394613,2
2.3300599435424476,3
0.6492180996340766,1
1.2445744382825736,0
0.6378087484265499,4
2.2612875699105324,3
2.1311494563235085,3
0.20125848147842995,1
1.8442476827896481,2
2.2791913363451863,3
0.5322760980448197,1
1.4383260159668418,0
2.0784834657535827,3
0.17549531420388736,1
1.6592497842253686,2
0.7482901804734923,1
2.5303367806717163,3
2.4788393414127143,3
2.4744506835872873,3
1.1923939686734957,0
2.12255167372097,3
2.0150103086548086,3
0.7960483955415808,1
1.955271062340469,3
0.20005354395642125,4
1.5854139279879287,2
0.6581409339865032,1
0.38742072182547493,1
0.30874005147375894,1
1.6197478281734925,2
0.8755191497953941,1
1.784234181190252,2
0.27136372662574804,4
0.941083951665848,1
1.3224376324064988,0
2.1472890126344817,2
0.9222041418042964,1
1.5139118624184207,2
2.1815224822912307,3
1.5495631147688844,2
0.7221420499422659,1
0.14844219999972882,1
2.3191630233971714,3
0.14603766114795624,1
2.3008339066169237,3
1.34754094968327,0
2.390650530448097,3
2.1512606614291743,3
2.646823029002278,3
1.010721111917844,1
1.7702731532326006,2
1.10552690975934,0
1.1615758214256335,0
1.5789738150188601,2
2.2181731237472837,3
2.413913132445349,3
1.9514806487688787,2
1.2121382585559206,0
1.0301833569344918,0
1.935825016118593,2
0.6590655248152677,1
0.3383374673365537,1
0.8861785510634247,1
0.8603024440220468,1
0.872721441914824,1
0.7144417570667242,1
0.22078559816960322,1
0.13456124635313355,1
2.3991053365966724,3
1.1647858318295445,0
1.0190719485174762,0
1.7028974298291446,2
0.606069596994138,1
2.4245446749926587,3
2.017272310722306,2
0.29328625292769345,1
1.0959642263592249,0
2.2335172220272868,3
2.4006357067228343,3
1.1509275295139823,0
1.6483665369687381,2
0.45331767549334145,1
2.4068360068955412,3
0.6927766599879741,1
2.392746382019603,3
1.5798983940529536,2
1.619337858368689,2
1.3483845154741219,0
0.6923329599673778,1
0.5482822766601287,1
0.6430221538019603,1
0.5461573984910398,1
1.8264029297345061,2
0.8954168796534977,1
0.23495825175999765,1
2.4740232741783945,3
2.2271753893136834,3
2.2280432711522824,3
2.2422172753361114,3
0.5169594714712736,1
1.0059202494132937,0
2.0098512470568055,2
1.6018836655913489,2
0.47731296483555874,1
2.239710251985567,3
0.5970691880185935,1
0.6335495005768873,1
1.275257003508088,0
1.5613399578014877,2
1.507287643289585,0
0.3136477993314603,1
2.21533721059974,3
0.7959301135481807,1
0.38588117575087716,1
2.019773142647726,3
2.5666971761268877,3
2.202561310999823,3
2.202449012172251,3
1.7050104964992308,2
1.5102710820517524,0
0.30442529765102994,1
1.1342718340365547,0
1.076602459812041,1
0.7338439624061959,1
1.7189792833816526,2
1.2304468432421987,0
0.2767604257071607,1
0.596622666728231,1
1.6724605382148465,2
0.2858314821465723,1
2.1806079863277765,3
1.2694128302322116,0
1.2823416463930766,0
1.3944286114400786,2
1.9078173494438004,3
0.8733911351564941,1
1.7334835972237794,2
1.3743714781399048,0
0.7087563248664892,1
2.1646759209071478,3
2.139431052357749,3
1.5169144290160277,2
2.205371995930237,3
2.2551871182282404,3
1.9075914745647744,2
2.2913526362373955,3
1.603682990156576,2
1.6123851338254338,2
1.7070579126902596,2
1.890702897314267,2
0.48686137992476075,1
2.286281196574461,3
2.270942467557591,3
0.18488935956043334,1
2.2888859831830026,3
0.4273092293053484,1
0.865802705806772,1
2.027542405442906,2
0.4420239133255492,1
1.9521583175818544,3
2.2637952953680864,3
1.2536584202880157,0
0.1088828477940409,1
0.7317955421384793,1
1.694148780053572,2
2.454875430743896,3
1.6728902768080733,2
0.6857700080735669,1
1.7053020631639328,2
1.4685566348210968,0
1.897731516548515,2
0.3503806759350329,1
1.8146125479167161,2
1.5323853555088227,0
2.481395637178042,3
1.0004921358219103,1
1.554656601782775,2
2.4686157932124506,4
0.3644220067442509,1
2.4394015480060274,3
1.9139855863870388,2
0.2572140199556655,1
0.7615794040221892,1
1.8614149122486443,2
0.2736408329673117,4
1.5196853792162066,0
0.8755804673336379,1
1.5916144078731416,2
0.20190108063972131,1
2.1598941819462785,3
2.507134864760773,3
2.544251051851186,3
1.7974545295396052,2
0.40440186694925834,1
1.8311974848863886,4
0.149424566498376,1
0.16177364331634403,1
0.9484199898321006,1
1.2397114244614036,0
2.0469252119188095,2
1.8780560316063875,2
1.2511710861794145,0
0.7087007236068515,1
2.7206149488631897,3
1.0951407204721337,0
1.1452826254134427,0
0.449579401438565,1
2.001991520445884,3
1.626831867619212,2
0.5981707792560641,4
0.2868147419646451,1
1.840249778296373,2
1.7963022228919556,2
0.7259627700297191,1
2.552961539028666,3
0.49558558411499415,1
1.1978170931805245,0
2.19758773544017,3
1.1494961925428127,0
1.7777592737188395,2
1.092714359130498,0
0.7325856771178438,1
2.4618315584456503,3
1.1139482196144779,0
2.2505859741373175,3
0.6023411986511519,1
0.5884685532059911,1
0.18528883461191778,1
1.7842803341756928,2
0.91305026904155,4
2.371199161009023,3
1.1933988685596384,0
2.502343027417635,3
0.5727233358405254,1
2.320997116536455,3
2.138907992367825,2
1.877243102683679,2
2.2800227917604268,3
1.7845496670534167,2
1.668661965558154,2
0.4350712630337339,1
0.18439201146370998,1
2.195602517240861,3
1.6978394612797065,2
1.8784587080022468,3
1.1435576235468028,0
0.39813395694346065,1
0.39848177142271596,4
1.867216802224242,2
1.1063181397487902,0
0.5426961100684948,1
1.3659444666425682,0
0.256587050634089,1
1.4036932834390943,0
0.7784471348061015,4
2.0186187303879186,3
0.8624948561858309,1
1.1832023896912005,0
0.13629696787081363,1
0.29192416570109514,1
1.0856205182203678,4
1.1530572933746304,0
1.6444196471013812,2
0.8273519302225822,1
1.8376225587448334,2
2.104984676733587,3
2.121203102196495,2
0.2038785127134829,1
1.156115056061388,0
0.3453430925859016,1
0.7335259369122823,1
2.2444874011343723,3
0.48277754498191666,1
1.3438182194303898,0
1.6251824726036663,2
1.703963553571875,2
1.3706502706810308,0
0.13436445423406176,1
0.8478615943904656,1
1.4164815540219686,0
0.3042343474670509,1
0.8735758420263852,1
0.16210379591691212,1
0.2911428239271107,1
1.1527783292095775,0
0.40756404299606186,1
1.4203382742337571,0
1.7000009417003425,2
2.0297135735974625,3
0.5734734335800675,1
0.5400984496629786,1
0.3513503353254119,1
1.629957670657749,2
1.6656779641006887,2
0.19278052130483317,1
2.2295511969007085,3
0.20555540992106147,1
1.4447631537125036,0
1.836110427506896,2
2.153154162684227,3
1.785582957473413,2
2.1395496782554275,3
0.8590153215095996,1
2.1872415539482715,3
0.300970662647455,1
2.2111359159089683,3
1.402350334504501,0
1.9611795785108512,3
1.2453434122824865,0
1.6488211938677206,2
1.3145182073139412,4
1.891465098489983,2
0.32525070723263044,1
0.24167486012943204,1
0.7513596083531986,1
0.4679387344955036,1
1.997050393714764,3
0.5890779635519903,1
2.4023660761496526,3
0.857604768718822,1
0.48339908556095895,1
2.1608849734110076,2
1.79650394959271,2
1.3584558610084738,0
1.3376766546120318,0
1.6874346476560165,2
0.5922277565307236,1
2.6028217642129863,3
2.6487193009833137,3
1.637708680479107,2
0.5348058458606841,1
1.7368420126491175,2
0.2650140537296408,1
0.16922077772534713,1
0.7358726612447364,1
1.2632377881595098,0
2.013777034331941,4
1.6738194505249457,2
2.0686105798607604,4
1.0612518627624772,0
0.8472346882714524,1
0.9290577660986016,1
2.242571030572929,3
0.19201537606475969,4
2.3127757247523095,3
1.4415492617770973,0
1.13980930536549,0
1.905256033714411,2
1.2702610053003,0
2.3549783146246,3
2.4272559142359356,3
1.003121598846962,4
0.8068936938392691,1
1.5096909175251323,2
2.513528932339836,3
0.6035583586825508,1
1.7504512732118658,2
1.6980083387062794,2
1.7659788557153835,2
0.4189550823929038,1
1.9969184568658906,2
2.4448319975509047,3
0.48846054240072073,1
0.6977621190943509,1
2.3562582657189655,3
0.4816564047596049,1
2.109010921248422,3
1.2134861720511187,0
0.7375724723036025,1
2.118557084212891,3
1.245290136472123,0
1.2021652013234223,0
0.9251783379102505,1
1.4442367205825302,4
0.4662159549128951,1
0.9488997850208561,0
2.274745376953523,3
0.7275140464370486,1
1.60622521645921,2
0.8659100996868047,4
1.9081575629667524,2
0.4452289899600981,1
2.624348887587758,3
1.1874199335047766,0
0.6438801830579977,1
0.2546567504041046,1
0.5534320168207302,1
1.228942378319945,0
0.872028229365903,1
2.004939210049022,3
1.0933923968785524,0
0.6501215973604321,1
1.6706919920653545,2
1.660646520730158,2
0.5144155436974169,1
0.4644987352065711,1
0.1718625833188084,1
2.0202756877712242,2
1.5882003562279556,2
1.3187272211435965,0
2.1449862049484065,3
1.8619134643137416,4
1.6419267599561091,2
2.073331247825004,3
0.6367461308696025,1
0.3441912907817931,1
0.800306383662957,1
0.21393467725353327,1
1.3780460377205777,0
2.474376010840116,3
0.21133147761426105,1
0.42523230242734295,1
1.261046511875037,0
2.5230745267253814,3
0.8071141500228148,1
1.2605019927776027,0
0.19134310497040866,1
0.44481041848700853,1
2.4152572492633224,3
2.4378165428276053,3
0.10424705951741103,1
2.475548015978396,3
1.5252560522340934,2
2.100184441915711,3
1.1921727149536658,0
1.4167241964116977,0
1.3342117608392223,0
1.7499697022957346,2
0.4052040625080407,1
0.17355437919629052,1
0.7698027540449346,1
1.7472995852489082,2
0.5743392619828551,1
1.5582792357499948,2
2.318047073500766,3
0.3550118965801214,1
1.869772577299571,2
1.1305927144268435,0
1.9840094439926088,3
0.4914542267735954,4
1.7243133195525229,2
2.3005719745206212,3
2.1972124440675818,3
1.831487991461021,2
1.1920075646611126,0
1.7351834877189578,2
2.1336295660091324,3
1.5503528077547462,0
0.16748483173018347,1
2.3938797705908827,3
1.6467702129101403,2
1.6016062172612233,2
0.671731832575323,1
1.8217653012013229,2
1.126276859820507,0
1.70467728550575,4
0.37776107349846333,1
1.5341260965806207,2
2.416033955079968,3
0.20767171470984963,1
2.5115545198450056,3
1.0455645354498817,0
2.0358677287684177,3
2.015882234204821,2
1.5526918864831982,0
1.8281385821858191,4
2.0460150464668097,3
1.0050318817494315,0
0.8384204548118381,1
1.6341002964034381,2
2.097057242823261,3
1.9684388694518764,2
2.0937632456078217,3
1.113901911389847,0
2.1964707273782005,3
0.36550924160458814,1
1.3980633018368585,0
0.12067140151180632,1
0.8227774987494775,1
0.9030792681348901,1
1.131450592114982,0
1.7135460003373988,2
1.0705100743222078,0
1.0651446003462386,0
0.6955762228742195,1
0.9591788789685337,1
0.5880979494088668,1
0.2817246386063046,1
1.4680151455885475,2
1.6651411735820334,2
1.4536719005633496,2
1.1268308589985763,0
0.9706172379891042,0
1.9937922237434713,3
1.4563739764306738,0
1.1265446606272618,0
0.1610195107943401,1
0.8497480619622746,1
0.9735256744365484,0
1.147258549416653,0
1.3914353503872972,0
1.5092760283705833,0
1.467240543896888,2
2.0292406888730756,2
2.070314334544789,3
1.96371441986613,2
2.419100816228301,3
0.14475183264023309,1
0.5351574684107999,1
0.11026383969760871,1
1.7917088701455228,2
2.177618934195406,3
0.6668492178418183,1
2.4456948240005705,3
0.23675563606004044,1
2.554450962788573,3
0.9888101894771574,1
0.35010162328813643,1
1.3625419020834064,0
0.6517435691879131,1
0.745617215734378,1
0.8316395303646494,1
1.9165649399229583,3
1.4619871992099558,0
0.9181639286507091,1
1.540944160214952,2
1.7613369846013927,2
0.8239269238289132,1
1.0804679034267644,0
0.3916668651288466,1
0.5188921423483185,1
1.8767701919518802,2
0.5428365052317236,1
1.4317241693361744,0
1.9140681487536413,2
0.34522830612923316,1
1.4421675260209215,0
0.7656344628432502,1
2.3450855610838968,3
1.334611160812224,0
2.2138114986333277,3
1.4555488450512652,0
0.21405765782706412,1
1.7183881834147403,4
2.547839314347867,3
1.5114636019418084,2
1.880630543778662,3
2.1784874525743594,3
0.6698891122797732,1
0.6028612101360237,1
1.6443472772676575,2
1.0553915154034001,0
2.1726818768548273,3
2.1183137674501857,3
0.9955022943818238,1
0.6745987951593161,1
1.8564695824640378,2
0.7279243573680757,1
2.177410898630037,3
1.1130850229023732,0
1.6054500590909673,2
0.3600578089232137,1
1.6659845994204323,2
1.292514121860035,0
1.4858772298174259,2
0.5007280270662438,1
2.017212612415494,2
2.181587971736546,3
0.6458853816221194,1
0.3133724726176478,1
0.155062666627549,1
1.5171680601538826,2
1.465466359309749,2
1.2711328458569897,0
0.5961625877036804,1
1.137275158586487,0
1.4480712554266593,2
1.334447802577702,0
2.638246973235795,3
0.4317864235717615,1
1.6456747580480195,2
1.119198615522512,0
1.150289359319655,0
1.906513204353521,2
1.8568972060503046,2
2.714724212928066,3
0.4141512107235281,4
0.3387823704231801,1
1.8930010001817008,2
1.359685456110652,0
0.818229888676426,1
0.2684844162460533,1
0.2950582488312986,1
2.3878945930815547,3
0.5713899384239165,1
0.8574547404612843,1
0.6405540091529485,1
1.0194963289786696,1
0.25808570534754544,1
1.445234230167891,0
0.24066614349187407,1
2.132729554193834,3
0.7068484680705815,1
1.3071902640349329,0
2.1813724718819687,3
1.5509107404324847,2
1.436084184358029,0
0.8846109104923852,4
0.9235412662747897,1
1.6031633839641628,2
2.3426182875789388,3
1.5335855836071244,2
1.3874826188177676,0
1.8757093020988738,2
1.3035785665563169,0
0.2524990869036347,1
1.430783592584742,0
2.6156443387624577,3
0.5435604434740944,1
1.9070867670681404,2
0.5854534217986367,1
1.3191553614277618,4
0.30232907127669295,4
1.234286526242877,0
1.7697667921867242,2
0.8973232810825083,1
1.7068008948582403,2
2.034963520318277,3
2.3720025151346555,3
0.6188770418945272,1
1.0329020172397738,0
0.47671620943894477,1
2.7151747691056456,3
2.430641802561416,3
1.5138793855398156,0
2.232103963647699,3
1.3750682143966892,0
1.4982622053513255,2
0.3243631168683581,1
1.9598453701098983,2
0.4148433576013777,1
2.0783079993293336,3
1.9881974717128048,2
1.7413538942086557,2
0.18750637718342883,1
0.777453069465371,1
0.7761153613142615,1
0.9037246008594275,1
0.28458206474123837,1
2.3187509993117845,3
1.4743736135653744,0
0.8228787504965964,1
1.0057509715956094,4
1.1869363854750046,0
1.4942594721966818,2
1.453434042376275,0
2.5015103819640867,3
1.2933255751722306,0
2.395769103545518,3
2.2450747655232144,3
0.5447913865515351,1
2.321653570992758,3
0.36686352343764567,1
2.2352981476907523,3
0.914579317705531,0
2.2304523167992736,3
2.288425951052062,3
2.0281256155211294,3
1.8305598797535791,2
0.9097747438298232,1
0.2952660357238381,1
1.0915232546339027,0
0.4892527949619929,1
1.762047923680523,2
0.9174520896298736,1
2.233889141477837,3
1.5092848888624832,2
2.213933805425478,3
0.3963050812944336,1
2.036517736804753,3
2.316890883196472,3
1.3371538646623815,0
1.4187718001722305,2
1.9652765364285822,2
0.4800400870263514,1
1.1850675080609874,0
0.9622600095909613,0
0.48145907194035426,4
0.9070460971582067,1
0.23963269049718,1
0.15993717170100943,1
0.453597197536441,1
2.296886955508527,3
1.3966549485989983,0
2.1954821907483577,4
1.126405229667934,0
0.8615274661442963,1
1.3333853454634483,0
1.1161243813661932,0
0.3405499242948891,1
1.5091143780849723,2
0.6020148130528572,1
1.459889811193685,2
1.7490182084005421,2
0.5082100686474783,1
0.27048326266169886,1
2.117945304028283,2
1.22778211106307,0
0.2492183166005273,1
2.380811351483399,3
0.24491562914959855,1
1.7524014799829084,2
2.451978968764562,3
0.7087821931217021,1
0.42214630336670866,1
0.3770827665060834,1
0.8981691748813966,1
0.312110427826441,1
1.7561270820575758,2
0.2700991015012364,1
1.3518066197054923,0
2.515202407465989,3
1.950747147417529,3
1.527110578059811,2
0.8938013871795032,1
1.6162684237400908,2
1.368923836004944,0
1.0326977489037483,0
0.3736605991449093,1
2.4344543369114255,3
1.1504646084143255,0
0.5788003306031149,1
0.9000261618725272,1
1.1339735672227642,4
2.2665656485657313,3
1.888832194907021,2
1.8007910213527505,2
0.12854218123217784,4
1.157300439559539,0
1.2317322853075174,0
0.1571573959132081,1
0.7450676617500127,1
2.078382100803453,2
0.439661612877468,1
1.282629938522677,0
0.5930200710488047,1
0.12139080952003974,1
0.7343926108274558,1
2.5692814570223588,3
2.0950841586927336,3
2.307328998628031,3
1.1905433837498842,0
0.38200404300624097,1
1.4077889410447824,0
1.1252157880338194,0
2.1760553229065223,3
0.30456395472587794,1
1.2275641342039711,0
0.4572233042891133,1
0.8173176532133962,1
2.050884511669397,2
1.170157492175314,0
0.9280449014830934,0
0.984678505401874,0
1.267390715541829,0
1.9544797592453311,4
2.2703227202192338,4
2.163577078661785,3
1.8034051148714838,2
0.8476913031159711,1
1.8624491015731637,2
1.2388715089855051,0
0.652421850413812,1
2.13434310494681,3
0.20810970713591379,1
2.213497718372523,3
1.2871390897988924,0
1.509920815838436,2
1.8289552540324738,2
2.361336710582103,3
1.771706354297881,2
1.6290199487313406,2
0.2528628607865381,1
1.461978060872027,0
0.4397395392702203,1
1.8070789035883015,2
1.3827208456308726,0
1.8244812443532432,2
0.21719238569907168,1
0.2855822952344175,1
1.9275983139224653,2
0.28602713571958294,1
0.2473724029354072,1
0.12614933660310623,1
2.291521795901091,3
1.7968986969199683,2
1.039351117404548,1
0.83486346334446,1
0.9801798611470549,1
2.145923324750403,2
1.6458502387744598,2
0.5773379077238574,1
0.5110816142451642,1
0.360993275498475,1
1.5771255849950736,2
2.1077036688746498,2
0.6947083561180004,4
0.14504521035336637,1
0.3124406832996727,1
2.371380713313808,3
0.8265775268231959,1
1.9245620587620194,2
1.6767118055370624,2
0.961416449698185,0
0.5412251964942802,1
0.37566878169856216,1
1.5679330545400176,2
1.8290432911829027,2
1.5975877657401845,2
1.3452659551590214,0
0.18291815535380554,1
2.464766635970368,3
2.1719515927175252,3
0.7468586185695528,1
2.4998924472606396,3
1.5954042765984289,2
1.4736500445752163,0
1.9716067239246575,2
2.011678712994902,3
1.6771026579247015,2
0.36728598203260693,1
0.9468057054010043,1
2.402502550752603,3
0.5800779486761258,4
0.9670300359555354,1
1.2459148764900403,4
1.1362689065623695,0
1.5716662656779592,2
2.5571463228656754,3
0.7071085539537011,1
0.39803109000938697,1
0.608112934718033,1
2.391026532799088,3
1.6357194800825254,2
0.7822624514912201,4
2.011365004916171,3
2.3695853138152536,3
2.2156916873965393,3
2.11325419818533,3
0.7565832276021114,1
1.9046663591201491,2
1.1013390592003263,0
2.1418845633519776,3
1.8177552865263489,2
2.111814088891332,2
1.5756391289743539,2
0.5601619616071912,1
1.4243104861901232,0
2.243789937696677,3
2.571473299873314,3
0.20413070145853665,1
0.4748291303226814,1
0.4136027935239225,1
1.9742117691385292,2
1.982200120010536,3
0.5747846074822375,1
1.2165629398790339,0
2.0320731515831536,3
1.9628301111598552,2
1.3934169050701808,0
1.4341613983587431,2
1.231933792030989,0
0.786880751791877,1
1.5841634043394184,0
1.698279695726634,2
2.410356651416022,3
1.6222929466821183,2
1.8030612464774283,2
0.5220477340418864,1
1.1981618746220943,0
0.12752846962290004,1
0.7589777900850336,1
1.6776570377544155,2
2.280276646896931,3
0.3529315245551172,1
1.0171767680338382,0
1.892617334980614,3
0.5353591969368344,1
1.2952412796199981,0
1.9614452306074621,2
1.4629655780477386,2
0.5477005005409465,1
0.9731052662634861,1
1.9527118291344214,2
1.2948825517802482,0
0.1189327521374862,1
1.7377905301839789,2
0.1944239395116234,1
2.038411383431268,2
0.5780828098232723,4
2.41643230617704,3
0.9785324720272669,1
0.86503387299677,1
0.49276759569195266,1
0.8991149033020476,1
2.1315909353524853,3
2.5485348200163265,3
1.0679534038755611,1
1.285403174548764,0
1.836254582602023,2
2.2058592691420342,3
1.455883128977132,2
1.1350759757426196,0
1.0124050469038177,0
1.7977349759417445,2
0.10303892893193524,1
1.516871004366161,2
0.9350667553859173,1
2.2061966626539493,3
0.29441255713480174,1
1.5354315452886393,2
1.1496160706624263,0
1.5281548357808488,2
0.25255849657090007,1
1.4950823116201901,0
1.3777303735731135,0
1.3925188912962836,0
1.420464791833509,2
1.6556920017034324,2
2.2215804854980497,3
0.8140596836063809,1
2.011424036956295,3
1.3141763368114445,0
0.3082818814151878,4
0.21676747652952708,1
0.9582299662914383,1
2.1616436112974653,2
1.651439484625804,2
1.8577509067973577,2
1.4650589680561692,0
1.1651604621005054,0
0.4097861885943268,1
0.8446344062155788,1
1.130217153214603,0
0.324703279406371,1
0.6588221179011521,1
1.6879085025340426,2
1.7863080152166302,2
2.5151137623015263,3
2.3550638966243524,3
1.6111674291820237,2
1.03748340985892,0
1.78217339446533,2
2.125870652437965,2
0.3838788325026365,1
1.1061506294513057,0
2.0001282471075004,3
1.0301421478799235,0
1.529911899775507,0
1.5152288696358704,2
0.595962777125952,1
0.990951202222539,1
0.879529407384938,4
0.1717372949543263,1
0.14764287887656521,1
2.047660250056717,3
0.7322494221201502,1
1.3250671187795668,0
0.8629808963922555,1
2.35016736084473,3
0.7647862674097361,1
1.148480838236068,0
2.125235214567962,3
2.2521112596375636,3
0.5180309578220862,1
1.9146449675875294,3
1.200728913413912,0
1.1989011403547898,0
0.3790806909612858,1
0.3021470260527018,1
1.8511525149493526,2
1.2774339434147939,0
1.2556989079496828,0
1.877175119920666,4
2.0780411382697146,2
0.44666734201778874,1
1.586195619676755,2
0.45611701144412564,1
1.9349352474676396,2
1.7498009170644155,2
2.3345615648881353,3
0.24385837061844398,1
0.2349363829429557,1
0.7608458221113245,1
2.1809444377094738,3
0.6855887256459333,2
2.4201621460842593,2
2.399531487530791,1
0.6943159433714529,0
0.9353246931455691,4
2.249333778097324,4
2.419893330150658,0
1.1642538468065058,1
0.8703929095381547,4
1.3626256318037009,2
1.7506460952777636,0
0.7563388368999515,3
1.8675356190857748,1
0.22397765707513848,0
0.21830678263459946,4
1.0270904923493085,1
0.9483356609457294,2
0.8575197168811655,1
1.278447430405384,1
0.8697605975477709,2
0.5614190043234206,2
0.8427269178126422,1
2.439770254744564,2
1.0866722007876366,0
1.167310664460006,2
1.483707975882736,2
2.4600178441941436,1
0.6798430634458312,0
1.7350770652778411,3
1.818363264500138,3
1.5575786003033583,4
0.31258801512794576,2
1.7244934619861836,2
0.25382730648682117,0
1.5307423589197526,3
1.8749948253321824,4
0.6063277374878809,0
2.1198928181026577,2
0.17284913327921025,3
2.1251508727799346,4
1.2047897215426362,1
0.6222110558359467,3
0.42106754798552326,4
2.387937202197694,0
0.2743974101947761,1
0.5778242078462216,4
0.9347736338393102,4
1.5885636375066892,2
1.4075226046626361,3
0.40154438178955354,2
0.7953471609717151,1
0.6730042506064577,4
0.6125028507768193,2
1.0867464075519688,3
1.7896754862199766,1
0.6218870373213662,0
0.9800293112871553,2
1.0382018244187894,1
2.4434956706449844,0
2.3911992565097653,2
2.020330198604982,1
0.6799814099660444,1
0.26328955382000724,2
0.8605699305294994,1
0.740306918641194,4
1.3142219203513454,2
1.9665469841627035,1
2.1599750533092594,0
2.1276738049852204,0
0.9632213469353625,4
1.749362424305639,2
0.850802074058128,1
0.24617330376443852,1
1.7837566374470615,0
0.12358612616749083,4
1.0820382099003725,0
0.8905102463249817,0
1.7641060924452459,4
1.9389891346249093,2
0.8298271263310811,1
2.0479048346676483,2
0.805400225211841,3
1.171183263967747,3
1.8448444648339215,3
1.7630085501394925,4
2.46968433354928,0
0.6403864581182365,2
1.6895629924949978,1
1.5632365798618657,3
2.2962362907760716,2
0.47526913994770015,3
1.904315592608639,3
1.4638446790450441,1
0.759198087490973,4
1.2386437939532178,0
0.9010638329675147,4
1.490352166692306,2
2.233601465955198,4
1.4663319625892848,2
1.6161338039838018,2
1.3449948330753028,0
0.22279721546914216,1
0.6588605365026261,0
1.2808041506369987,4
0.8445646809872914,2
0.5362326346268661,3
1.309918820604252,3
0.8747435042748407,2
0.7194583436161953,0
1.213565001856914,1
0.4198822193972156,0
2.3265897593809775,2
2.1824850350061737,2
1.798289405777285,1
0.35491318621229495,4
1.9621054107272633,4
2.0390975874616455,1
1.9426350825144105,4
0.37351812908617876,3
1.6453790969626354,4
2.1023795097985567,4
1.4856481629272025,4
1.6513777005474137,3
1.2000723506231348,4
1.3688975677217263,3
0.1825044600441405,1
1.633511252735883,0
0.29547331093878204,1
1.1440350264165362,0
0.8023722344017787,1
1.4090270805081115,0
0.420199205255697,0
1.7599441647359637,2
2.008027688628329,0
0.4920506793835756,0
0.35035140964451716,2
0.44923715868966196,4
2.2051061485564043,4
1.3676542282152548,2
1.2214263904180063,3
0.3561083658456503,0
1.6589344162167083,0
2.1831990205482157,2
2.087646086376287,2
1.602531301553923,3
0.2806689199640167,4
0.3697528652224311,1
0.2183415690635792,4
0.7179501195819262,0
0.4255875211849066,2
0.7241152966058413,3
1.024139333725508,4
2.3631586817707255,3
1.564902543476061,4
2.1039370856391097,0
1.8048436017095975,1
0.37000751326391623,3
1.8662089752974773,3
0.7602373157418986,1
1.6338588327872954,3
0.9183087367431724,3
2.494413431835182,4
0.7325235507922667,4
0.7699131298582471,1
2.333613413349756,0
0.1591465711271744,3
1.7720535708956726,0
1.8407833377661076,1
2.1073085857849585,1
2.4386543455323406,4
2.4414446059759656,3
0.25666421815951335,2
2.072414374606966,1
1.6511438407777153,3
1.653621122495419,0
0.4080398238752675,4
1.660449199469568,0
2.4579581934429946,1
2.2883645668946726,1
1.1539135859316414,0
0.19587513588662642,1
0.9695043760004916,3
2.0833367478413325,1
1.7835978435163986,4
1.2024247734254954,3
0.23224368438119464,2
1.1245473467759264,1
1.2256598553229205,1
2.328533278945926,4
1.6386066485971826,4
0.8479669999711573,0
1.3607638346817315,0
0.25853273877318417,0
2.434163765559368,4
0.9641437646337424,0
1.246881651791526,0
0.9526815381686142,2
1.7380281522788803,0
1.6893571799910234,1
1.8167735452699256,4
0.7435437510686099,3
0.8576043547937583,2
0.4006029546308991,4
1.6732239324306704,4
0.19551310560556612,1
1.5344376052563018,0
2.187270123643921,1
2.2379971558951204,0
1.177690624887908,0
1.202328851711377,4
0.28472603921924167,0
1.709836061063286,2
2.071022608894829,2
0.6871721310513113,2
1.1111221159200753,4
2.1132144082366486,1
2.205089122389491,3
0.6836319526341422,0
1.4213695228992742,3
0.5619835615259849,1
0.3445090339349357,1
2.286689203340698,4
2.069218010157062,2
1.9240837643276174,2
0.217039165151537,1
2.124949102504618,4
1.1513057821729211,4
0.9217482959100631,0
1.4115432664609036,2
0.31924778253653396,1
1.9159517184457573,3
1.4978441845319101,2
0.5478162324956021,0
0.5517572794457094,4
0.5421967637744182,1
0.23680573012464157,2
1.5107162784920436,3
2.1168356262124193,0
0.14199571356973265,0
0.21761114793105651,2
1.47464866404867,3
2.0667896449265255,0
0.8841733373647206,1
0.9390745571385332,0
1.5312315939922623,3
0.7581109338979527,4
0.16386007858644192,4
1.8645484434438306,2
1.6015597910594874,3
1.4938143977335818,0
1.8800419095803755,0
1.72055401014889,4
0.5941167716279707,4
0.9459545126640427,1
0.4026643400287,4
0.4116568322029145,1
1.7228697912556943,0
2.1606402567579956,1
2.4105582012667335,1
1.6080330821186666,2
0.5418431760662967,4
0.3535608290774337,1
2.0508423316882185,0
1.4890155432639982,3
1.5838840504329277,1
1.9755090130113022,4
1.787865346557884,2
2.102699806854632,0
0.23491337310370836,2
1.8940495281916117,3
2.142046617573029,1
0.7867241018999543,1
1.6370734575838068,4
0.853988953208733,1
2.39913055955789,0
0.180216573845209,3
1.491502825199092,2
0.49960851291883623,3
1.809328492425181,1
0.522136680204789,2
0.6649198285560581,4
1.2864899465098194,3
2.2956038799925076,2
0.60811449315513,2
0.44617605068344846,2
1.9215443964496735,0
1.3014868776014343,3
2.2882842697162515,2
0.4518749371836215,3
1.6502269432552945,2
0.6589099507643561,4
0.47622502876393435,4
1.7402305963774494,4
1.5248430877809598,1
1.911585900069595,2
0.8427101834708376,1
1.175131975317256,3
1.0731320231930044,1
2.461814713519634,3
0.8013974961745309,3
0.8075613720322404,3
0.9509157011886576,1
1.4550257950967718,2
0.7055745862329885,1
2.2966958569102576,2
0.7376453556790323,2
2.249957755744467,3
0.3483401527518032,1
1.6757504857591656,2
2.2767652442517847,4
0.5049986521557509,2
2.423984704238212,4
1.186920064997228,1
2.3697162602584587,1
1.7243681047121129,1
0.8238084876965237,2
0.5519260598010554,0
0.8289641109402385,2
0.32324178223042,2
0.44528311922399144,3
0.35118505683155476,3
1.1150645049797385,2
2.0093881030182073,4
0.43932053011921646,3
0.4127690396136061,2
1.6442294788415939,0
0.573239156723359,4
0.33426409146157987,1
0.5004365876933863,2
2.3169553501042626,2
2.071531006662858,4
0.9497549496522257,3
1.6739698415857427,3
1.3894616168032914,3
1.7250982323581534,1
1.7384107659106225,4
1.6089616361439831,4
0.7386432844895405,3
0.19361540983076353,3
1.1933602767762612,0
2.238337323257689,0
1.4667934204445823,2
2.0977385000845787,2
2.4798984231069476,4
0.49267888993186304,4
1.7602663339407576,1
1.718304576880059,1
2.451893073659868,0
2.465441761486721,2
1.7480286681379107,0
0.6846755007572662,0
2.016534011513438,2
0.3568699221064915,1
1.973678330011909,2
2.2844706979472713,3
1.0188001474442445,3
1.613524707959393,3
1.132342557032383,4
1.1506361319715084,1
0.8448901338594881,1
1.929111089080779,4
2.3468237539996126,0
2.3578020621627065,3
0.5194750836998412,3
2.1993847591757585,0
1.8698354594250932,2
0.7068097616566942,2
0.2614830710116349,1
0.7431934405225071,4
2.2892997682756615,1
1.6196288197498536,2
1.8305311861548925,0
0.71716564266183,1
1.8265315733795686,3
0.16749161506701704,3
1.0007712298552331,0
1.604208036501595,2
0.4506317572991685,3
2.075208578672643,3
0.6640751171486047,4
1.6654746707642711,1
1.0724731421807912,2
1.5305046291463533,1
0.3578813263093795,2
0.14059071981185758,3
2.2829546257127227,4
0.7471120210412386,1
2.0672248066731016,3
2.4984407211332806,2
0.6074350191973867,1
0.7364097788400534,1
1.6908634903231976,3
2.417076723041491,1
2.2979544356577852,4
1.3069012481574038,4
2.008264678064139,3
0.42579004743976256,2
2.4458516420896297,3
2.4144477616863678,4
0.4929494989100103,0
0.8186154995274558,0
0.34037199401624063,1
0.7521222373556312,1
2.058293894596496,0
1.0079574571966228,4
0.3121527211522201,1
0.9213412594693708,3
2.4553200021790724,3
1.611240628622087,4
1.0987862713747787,1
0.49969243239344796,3
2.4668243134808674,1
2.070037622231509,1
0.7755455258822065,3
0.2681648697308547,0
0.23590133770613927,3
0.3889075588132812,4
1.493844600674612,2
2.329032210893182,3
1.2921842272143629,1
2.1230691578948733,1
1.1701278876635388,3
1.8006005098427806,2
1.856494569487602,3
0.5175128941680127,2
0.9669185415419482,2
1.6295251756912574,4
0.26967185964247886,1
0.9676964506310958,1
1.383518719074862,2
2.490938783307133,1
1.2388805502938578,0
2.0585362170743764,2
1.1369614841598825,1
2.0113377342873013,0
1.5289955238882602,4
2.227829059605756,1
1.0862621256402638,0
1.5503306075715493,3
1.6120448334851858,3
1.101719060321136,0
0.4463489048499556,2
0.32454257658960534,2
0.14001172143911944,1
2.1964822341885153,3
0.6675397893728668,2
0.6076161982762432,2
1.8664849610225573,3
0.8680386714097401,4
1.314507261788408,2
0.49002655671389506,0
2.4033897315087263,1
2.1437953600413695,2
2.173095095116008,2
1.0762569965728126,4
1.9296669128972148,0
0.4453027729354724,1
0.12068560622027268,2
0.1479350381872675,1
1.507844169770945,3
1.192947772595058,2
1.3432368373804475,2
0.11791153700132657,3
1.1144478871778218,4
1.823363586882066,2
1.1624648847218462,1
1.8573260951493336,0
0.6592455145524034,1
2.051540810756141,4
1.5122349770882855,0
0.6058314386317749,1
0.668129142049199,1
1.6072731149668888,3
2.091855023709864,4
1.0975066768699724,3
0.7199210299062213,0
2.180827856585441,3
1.7062439002020038,4
1.1754051694793837,2
1.2709604686703244,2
0.5902155230473514,0
1.6043263121556255,2
0.9609820253029326,3
2.4895484240184382,0
1.2524404366285309,4
1.2661254548550718,0
1.4580442897856125,0
2.300214407484992,1
2.0219634396634008,1
1.1827121675148196,0
1.8248782383347104,2
1.506965197073828,1
1.2816809168829975,4
0.5615578546824412,3
1.2134470322917383,1
0.6899646088541791,0
2.295621159643971,2
0.9049763523912326,3
2.3854336348800933,1
